id,laptop_ID,Company,Price_euros,Pantalla,Marca_Procesador,Modelo_Procesador,SSD,HDD,Flash Storage,Hybrid,Categoria_Peso,Velocidad_Procesador_GHz,S.O,Ram_GB,Tipo_Portatil,Nombre_Producto
268,1002,Dell,749.0,WXGA,Intel,Core i7,0 GB,1 TB,0 GB,0 GB,Medio,2.7,Windows 10,8,Notebook,Inspiron 5567
347,867,Asus,449.0,WXGA,Intel,Pentium Quad Core,0 GB,1 TB,0 GB,0 GB,Medio,1.1,Windows 10,4,Notebook,X541NA
353,966,Toshiba,1460.0,FHD,Intel,Core i5,256 GB,0 GB,0 GB,0 GB,Ligero,2.3,Windows 7,8,Notebook,Portege Z30-C-1CW
578,767,Dell,2868.99,4K,Intel,Core i7,256 GB,1 TB,0 GB,0 GB,Pesado,2.8,Windows 10,16,Gaming,Alienware 17
42,1241,Dell,1713.37,FHD,Intel,Core i5,256 GB,0 GB,0 GB,0 GB,Ligero,2.4,Windows 7,8,Ultrabook,Latitude E7270
867,376,Asus,1099.0,FHD,Intel,Core i7,512 GB,2 TB,0 GB,0 GB,Medio,2.7,Windows 10,12,Convertible,ZenBook Flip
1136,60,Asus,415.0,FHD,Intel,Core i3,256 GB,0 GB,0 GB,0 GB,Medio,2.0,Linux,4,Notebook,X541UA-DM1897
609,1157,MSI,1142.8,FHD,Intel,Core i7,128 GB,1 TB,0 GB,0 GB,Medio,2.8,Windows 10,8,Gaming,GP62M 7RDX
474,110,Asus,1193.0,FHD,Intel,Core i7,256 GB,0 GB,0 GB,0 GB,Ligero,2.7,Windows 10,8,Ultrabook,UX430UQ-GV209R
838,1263,Asus,1600.0,FHD,Intel,Core i7,256 GB,1 TB,0 GB,0 GB,Medio,2.8,Windows 10,16,Gaming,Rog GL553VE-FY052T
851,1243,Asus,309.0,WXGA,Intel,Pentium Quad Core,0 GB,1 TB,0 GB,0 GB,Pesado,1.6,Windows 10,4,Notebook,X540SA-RBPDN09
904,79,Dell,855.0,FHD,Intel,Core i7,128 GB,1 TB,0 GB,0 GB,Medio,1.8,Windows 10,8,Notebook,Inspiron 5570
355,957,Toshiba,1119.0,WXGA,Intel,Core i5,256 GB,0 GB,0 GB,0 GB,Medio,2.3,Windows 10,8,Notebook,Tecra A50-C-1ZV
44,579,HP,649.0,FHD,AMD,A9-Series,256 GB,0 GB,0 GB,0 GB,Medio,3.0,Windows 10,6,Notebook,15-cd005nv
36,834,Toshiba,499.0,WXGA,Intel,Pentium Dual Core,128 GB,0 GB,0 GB,0 GB,Medio,2.1,Windows 10,4,Notebook,Satellite Pro
971,82,Dell,1096.16,FHD,Intel,Core i5,256 GB,0 GB,0 GB,0 GB,Medio,1.6,Windows 10,8,Ultrabook,Latitude 5590
938,159,Lenovo,629.0,FHD,Intel,Core i3,256 GB,0 GB,0 GB,0 GB,Medio,2.4,Windows 10,4,Convertible,Yoga 520-14IKB
718,332,Acer,549.0,WXGA,Intel,Core i5,0 GB,1 TB,0 GB,0 GB,Medio,2.5,Windows 10,6,Notebook,Aspire E5-575
518,617,Lenovo,4899.0,4K,Intel,Xeon E3-1535M,1 TB,0 GB,0 GB,0 GB,Medio,3.1,Windows 10,32,Notebook,Thinkpad P51
1126,172,Acer,854.0,FHD,Intel,Core i5,256 GB,0 GB,0 GB,0 GB,Pesado,1.6,Windows 10,8,Notebook,Aspire A517-51G
51,1097,Lenovo,646.27,Touch,Intel,Atom x5,0 GB,0 GB,64 GB,0 GB,Ligero,1.44,Windows 10,4,Convertible,Yoga Book
772,717,HP,655.01,FHD,AMD,A10-Series,0 GB,2 TB,0 GB,0 GB,Pesado,2.5,Windows 10,6,Notebook,17-ak002nv
1001,814,HP,1389.0,WXGA,Intel,Core i5,256 GB,0 GB,0 GB,0 GB,Ligero,2.6,Windows 10,8,Netbook,EliteBook 820
330,202,HP,1379.0,FHD,Intel,Core i7,256 GB,1 TB,0 GB,0 GB,Pesado,2.8,Windows 10,16,Gaming,Omen 17-W295
66,405,Dell,2712.0,4K,Intel,Core i7,256 GB,0 GB,0 GB,0 GB,Medio,2.8,Windows 10,8,Workstation,Precision M5520
829,41,Asus,389.0,FHD,Intel,Core i3,0 GB,1 TB,0 GB,0 GB,Medio,2.0,Linux,4,Notebook,X540UA-DM186
1129,741,Acer,559.0,WXGA,Intel,Core i5,0 GB,500 GB,0 GB,0 GB,Medio,2.5,Windows 10,4,Notebook,Extensa EX2540-58KR
1197,983,Lenovo,695.0,FHD,Intel,Core i5,256 GB,0 GB,0 GB,0 GB,Medio,2.5,Windows 10,6,Notebook,IdeaPad 310-15IKB
171,407,Lenovo,306.0,WXGA,Intel,Celeron Dual Core,0 GB,1 TB,0 GB,0 GB,Medio,1.1,Windows 10,4,Notebook,IdeaPad 320-15IAP
233,323,HP,980.0,FHD,Intel,Core i5,256 GB,0 GB,0 GB,0 GB,Medio,2.5,Windows 10,8,Notebook,ProBook 640
205,166,Dell,728.0,FHD,Intel,Core i5,256 GB,0 GB,0 GB,0 GB,Medio,1.6,Windows 10,8,Notebook,Inspiron 3576
361,309,Asus,1265.0,FHD,Intel,Core i7,128 GB,1 TB,0 GB,0 GB,Medio,2.8,Windows 10,8,Gaming,GL553VE-FY082T
1250,1276,Lenovo,895.0,FHD,Intel,Core i7,0 GB,0 GB,0 GB,0 TB,Medio,2.5,Windows 7,8,Notebook,B51-80
707,910,Dell,614.0,WXGA,Intel,Core i3,0 GB,1 TB,0 GB,0 GB,Medio,2.0,Windows 10,4,Notebook,Vostro 3568
884,919,Acer,359.0,FHD,Intel,Celeron Dual Core,0 GB,0 GB,16 GB,0 GB,Medio,1.5,Chrome OS,4,Notebook,Chromebook CB5-571-C1DZ
1071,1258,Lenovo,597.57,FHD,AMD,A12-Series,256 GB,0 GB,0 GB,0 GB,Medio,3.6,Windows 10,6,Notebook,IdeaPad 320-15ABR
95,895,Dell,369.0,WXGA,Intel,Pentium Quad Core,0 GB,500 GB,0 GB,0 GB,Medio,1.6,Windows 10,4,Notebook,Inspiron 3552
745,1190,Asus,369.0,WXGA,Intel,Celeron Dual Core,0 GB,500 GB,0 GB,0 GB,Medio,1.6,Windows 10,4,Notebook,X553SA-XX021T
899,37,Acer,367.0,WXGA,Intel,Core i3,0 GB,1 TB,0 GB,0 GB,Medio,2.7,Linux,4,Notebook,Aspire 3
313,333,Asus,1049.9,FHD,Intel,Core i7,256 GB,0 GB,0 GB,0 GB,Medio,2.7,Windows 10,8,Ultrabook,VivoBook S15
1063,933,MSI,1119.91,FHD,Intel,Core i5,128 GB,1 TB,0 GB,0 GB,Medio,2.5,Windows 10,8,Gaming,GL62M 7RD
193,1066,Dell,1094.0,FHD,Intel,Core i5,256 GB,0 GB,0 GB,0 GB,Medio,2.7,Windows 10,8,Convertible,Inspiron 5578
625,25,HP,659.0,FHD,Intel,Core i7,256 GB,0 GB,0 GB,0 GB,Medio,1.8,Windows 10,8,Ultrabook,15-BS101nv
142,429,HP,1427.0,FHD,Intel,Core i7,256 GB,0 GB,0 GB,0 GB,Medio,2.9,Windows 10,8,Notebook,ProBook 650
243,685,HP,495.0,WXGA,Intel,Celeron Dual Core,0 GB,0 GB,64 GB,0 GB,Ligero,1.1,Chrome OS,8,Convertible,Chromebook X360
1214,341,HP,1268.0,FHD,Intel,Core i5,256 GB,0 GB,0 GB,0 GB,Ligero,2.6,Windows 10,8,Notebook,EliteBook 840
1047,26,Dell,418.64,WXGA,Intel,Core i3,0 GB,1 TB,0 GB,0 GB,Medio,2.0,Windows 10,4,Notebook,Inspiron 3567
648,882,Lenovo,479.0,FHD,Intel,Core i3,0 GB,1 TB,0 GB,0 GB,Medio,2.0,No OS,4,Notebook,IdeaPad 110-15ISK
34,7,Apple,2139.97,Touch,Intel,Core i7,0 GB,0 GB,256 GB,0 GB,Medio,2.2,Mac OS X,16,Ultrabook,MacBook Pro
804,1100,HP,1030.99,FHD,Intel,Core i5,0 GB,500 GB,0 GB,0 GB,Medio,2.3,Windows 7,4,Notebook,EliteBook 840
872,555,HP,397.0,FHD,Intel,Core i3,0 GB,500 GB,0 GB,0 GB,Medio,2.0,Windows 10,4,Notebook,250 G6
1297,1166,HP,1579.0,FHD,Intel,Core i5,256 GB,0 GB,0 GB,0 GB,Medio,2.3,Windows 7,8,Notebook,EliteBook 850
192,720,Dell,726.0,FHD,Intel,Core i5,0 GB,1 TB,0 GB,0 GB,Medio,2.5,Linux,8,Notebook,Vostro 5568
451,443,HP,347.0,WXGA,Intel,Celeron Dual Core,0 GB,500 GB,0 GB,0 GB,Medio,1.6,Windows 10,4,Notebook,15-ra044nv
894,997,Fujitsu,649.0,WXGA,Intel,Core i5,256 GB,0 GB,0 GB,0 GB,Medio,2.3,Windows 10,4,Notebook,LifeBook A556
961,1051,Toshiba,1725.0,FHD,Intel,Core i7,256 GB,0 GB,0 GB,0 GB,Ligero,2.6,Windows 10,8,Ultrabook,Tecra Z40-C-136
1168,762,Lenovo,1096.0,FHD,Intel,Core i5,180 GB,0 GB,0 GB,0 GB,Medio,2.3,Windows 10,4,Ultrabook,Thinkpad T460
966,1238,Lenovo,1529.0,FHD,Intel,Core i7,256 GB,0 GB,0 GB,0 GB,Medio,2.6,Windows 10,8,Notebook,Thinkpad T560
794,633,Mediacom,239.0,FHD,Intel,Atom x5,0 GB,0 GB,32 GB,0 GB,Ligero,1.44,Windows 10,2,Notebook,SmartBook 140
763,417,Lenovo,1925.0,FHD,Intel,Core i7,512 GB,0 GB,0 GB,0 GB,Pesado,2.8,Windows 10,8,Workstation,ThinkPad P51
946,109,Lenovo,414.9,FHD,Intel,Core i3,0 GB,1 TB,0 GB,0 GB,Medio,2.0,Windows 10,4,Notebook,Ideapad 310-15ISK
1298,473,Acer,469.0,WXGA,Intel,Core i3,0 GB,500 GB,0 GB,0 GB,Medio,2.0,Windows 10,4,Notebook,Aspire 5
715,1147,Asus,278.0,WXGA,Intel,Celeron Dual Core,0 GB,0 GB,32 GB,0 GB,Medio,1.1,Windows 10,4,Notebook,L403NA-GA013TS
762,212,Dell,1449.0,FHD,Intel,Core i7,256 GB,0 GB,0 GB,0 GB,Ligero,1.8,Windows 10,8,Ultrabook,XPS 13
1101,795,MSI,1089.0,FHD,Intel,Core i5,128 GB,1 TB,0 GB,0 GB,Medio,2.5,Windows 10,8,Gaming,GL62M
994,1004,HP,1908.0,FHD,Intel,Core M 6Y75,512 GB,0 GB,0 GB,0 GB,Ligero,1.2,Windows 10,8,Netbook,EliteBook Folio
528,434,Dell,1099.0,FHD,Intel,Core i7,256 GB,0 GB,0 GB,0 GB,Medio,2.8,Linux,8,Ultrabook,Latitude 5480
926,1219,Lenovo,629.0,WXGA,Intel,Core i7,0 GB,500 GB,0 GB,0 GB,Medio,2.5,No OS,8,Notebook,IdeaPad 310-15ISK
791,1106,HP,345.99,WXGA,Intel,Core i3,0 GB,1 TB,0 GB,0 GB,Medio,2.0,No OS,4,Notebook,250 G6
351,963,Acer,349.0,WXGA,Intel,Celeron Dual Core,0 GB,0 GB,32 GB,0 GB,Medio,1.6,Chrome OS,4,Notebook,Chromebook 14
166,1052,Dell,1062.95,FHD,Intel,Core i5,256 GB,0 GB,0 GB,0 GB,Medio,2.4,Windows 7,8,Notebook,Latitude E5570
1196,168,Acer,348.0,WXGA,Intel,Celeron Dual Core,0 GB,1 TB,0 GB,0 GB,Medio,1.1,Windows 10,4,Notebook,Aspire A315-31
1056,320,Dell,844.0,FHD,Intel,Core i5,128 GB,1 TB,0 GB,0 GB,Medio,1.6,Windows 10,8,Notebook,Inspiron 5570
909,200,Razer,6099.0,4K,Intel,Core i7,1 TB,0 GB,0 GB,0 GB,Pesado,2.9,Windows 10,32,Gaming,Blade Pro
1189,681,Lenovo,349.0,WXGA,AMD,E-Series,128 GB,0 GB,0 GB,0 GB,Medio,2.2,Windows 10,4,Notebook,IdeaPad 320-15AST
654,1092,MSI,2499.0,FHD,Intel,Core i7,256 GB,1 TB,0 GB,0 GB,Pesado,2.8,Windows 10,16,Gaming,GT72VR Dominator
968,670,Lenovo,535.0,FHD,Intel,Core i5,0 GB,500 GB,0 GB,0 GB,Medio,2.3,Windows 10,4,Notebook,IdeaPad 320-15ISK
1027,1164,HP,2296.95,FHD,Intel,Core i7,256 GB,0 GB,0 GB,0 GB,Ligero,2.5,Windows 7,8,Ultrabook,EliteBook 820
217,759,Lenovo,475.0,WXGA,Intel,Celeron Dual Core,128 GB,0 GB,0 GB,0 GB,Ligero,1.6,Windows 10,4,Netbook,N23
1224,657,Lenovo,1584.0,FHD,Intel,Core i7,256 GB,0 GB,0 GB,0 GB,Ligero,2.7,Windows 10,8,Ultrabook,Thinkpad X270
559,189,Dell,1549.0,FHD,Intel,Core i7,512 GB,0 GB,0 GB,0 GB,Pesado,1.8,Windows 10,16,Notebook,Inspiron 7773
136,517,Dell,899.0,FHD,Intel,Core i5,128 GB,0 GB,0 GB,0 GB,Ligero,2.5,Windows 10,8,Ultrabook,XPS 13
420,198,Dell,839.0,FHD,Intel,Core i7,0 GB,1 TB,0 GB,0 GB,Medio,1.8,Windows 10,8,Convertible,Inspiron 5379
54,498,Toshiba,2799.0,FHD,Intel,Core i7,512 GB,0 GB,0 GB,0 GB,Ligero,2.7,Windows 10,32,Ultrabook,Portege X30-D-10L
788,127,Acer,451.0,WXGA,AMD,A9-Series,256 GB,0 GB,0 GB,0 GB,Medio,3.0,Windows 10,4,Notebook,Aspire 3
628,765,HP,1099.0,FHD,Intel,Core i5,128 GB,1 TB,0 GB,0 GB,Medio,2.5,Windows 10,8,Notebook,15-cb003na
1215,274,Lenovo,880.0,FHD,Intel,Core i7,256 GB,0 GB,0 GB,0 GB,Medio,1.8,Windows 10,8,Notebook,V330-15IKB
396,1168,Lenovo,339.0,WXGA,Intel,Core i3,0 GB,1 TB,0 GB,0 GB,Medio,2.0,No OS,4,Notebook,V110-15ISK
1083,1320,Asus,369.0,WXGA,Intel,Celeron Dual Core,0 GB,500 GB,0 GB,0 GB,Medio,1.6,Windows 10,4,Notebook,X553SA-XX031T
20,858,HP,2277.0,FHD,Intel,Core i5,256 GB,0 GB,0 GB,0 GB,Ligero,2.5,Windows 10,8,Convertible,EliteBook x360
1263,94,HP,1197.0,FHD,Intel,Core i7,512 GB,0 GB,0 GB,0 GB,Ligero,1.8,Windows 10,16,Notebook,Probook 430
258,908,Dell,929.0,FHD,Intel,Core i7,0 GB,1 TB,0 GB,0 GB,Pesado,2.8,Linux,8,Gaming,Inspiron 7567
159,950,Dell,558.6,WXGA,Intel,Core i3,0 GB,1 TB,0 GB,0 GB,Medio,2.0,Windows 10,4,Notebook,Vostro 3568
572,959,Lenovo,999.0,FHD,AMD,FX 8800,512 GB,1 TB,0 GB,0 GB,Medio,2.1,Windows 10,16,Gaming,IdeaPad Y700-15ACZ
374,538,Toshiba,860.0,FHD,Intel,Core i5,0 GB,500 GB,0 GB,0 GB,Medio,2.5,Windows 10,8,Notebook,Satellite Pro
25,1142,HP,1895.0,WXGA,Intel,Core i5,256 GB,0 GB,0 GB,0 GB,Ligero,2.4,Windows 7,8,Ultrabook,EliteBook 820
345,796,Lenovo,999.0,FHD,Intel,Core i7,0 GB,1 TB,0 GB,0 GB,Medio,2.8,Windows 10,4,Gaming,Legion Y520-15IKBN
827,813,Dell,744.0,WXGA,Intel,Pentium Quad Core,128 GB,0 GB,0 GB,0 GB,Medio,1.1,Windows 10,4,Netbook,Latitude 3180
661,525,HP,889.0,FHD,Intel,Core i5,256 GB,0 GB,0 GB,0 GB,Medio,2.5,Windows 10,8,Notebook,Probook 450
102,603,Lenovo,2025.0,FHD,Intel,Core i7,512 GB,0 GB,0 GB,0 GB,Ligero,2.7,Windows 10,8,Convertible,ThinkPad Yoga
185,596,Asus,1770.0,FHD,Intel,Core i5,128 GB,1 TB,0 GB,0 GB,Pesado,2.5,Windows 10,8,Gaming,ROG Strix
69,233,Asus,891.0,FHD,Intel,Core i5,256 GB,500 GB,0 GB,0 GB,Pesado,2.5,Windows 10,8,Notebook,K756UX-T4340T
327,169,MSI,1799.0,FHD,Intel,Core i7,256 GB,1 TB,0 GB,0 GB,Medio,2.8,Windows 10,16,Gaming,GE63VR 7RE
439,899,Acer,297.0,WXGA,Intel,Celeron Dual Core,0 GB,0 GB,32 GB,0 GB,Ligero,1.6,Chrome OS,4,Netbook,Chromebook C731-C78G
662,263,MSI,2499.0,FHD,Intel,Core i7,512 GB,1 TB,0 GB,0 GB,Pesado,2.8,Windows 10,16,Gaming,GT73EVR 7RE
799,242,Asus,575.0,FHD,AMD,A10-Series,128 GB,1 TB,0 GB,0 GB,Medio,2.5,Windows 10,4,Notebook,X555QG-DM242T
555,267,HP,722.0,FHD,Intel,Core i5,0 GB,500 GB,0 GB,0 GB,Medio,1.6,Windows 10,4,Notebook,ProBook 450
40,781,Toshiba,1020.0,WXGA,Intel,Core i5,128 GB,0 GB,0 GB,0 GB,Medio,2.3,Windows 10,4,Notebook,Tecra A40-C-1E5
1110,1289,Lenovo,1499.0,Touch,Intel,Core i7,512 GB,0 GB,0 GB,0 GB,Ligero,2.5,Windows 10,16,Convertible,Yoga 900-13ISK
998,375,HP,1750.0,FHD,Intel,Core i7,256 GB,0 GB,0 GB,0 GB,Ligero,2.7,Windows 10,8,Ultrabook,Elitebook 1040
500,1121,MSI,1511.19,FHD,Intel,Core i7,128 GB,1 TB,0 GB,0 GB,Pesado,2.6,Windows 10,8,Gaming,GE72 Apache
734,644,Dell,1869.0,Touch,Intel,Core i5,256 GB,0 GB,0 GB,0 GB,Ligero,1.6,Windows 10,8,Ultrabook,XPS 13
974,484,Lenovo,1364.0,FHD,Intel,Core i5,180 GB,0 GB,0 GB,0 GB,Medio,2.5,Windows 10,8,Notebook,Thinkpad T470
117,896,HP,1799.0,FHD,Intel,Core i5,256 GB,0 GB,0 GB,0 GB,Ligero,2.5,Windows 10,4,Convertible,EliteBook x360
392,1030,HP,769.99,WXGA,Intel,Core i3,256 GB,0 GB,0 GB,0 GB,Medio,2.4,Windows 10,4,Notebook,ProBook 450
1060,520,Dell,1219.24,FHD,Intel,Core i7,256 GB,2 TB,0 GB,0 GB,Medio,1.8,Windows 10,16,Notebook,Inspiron 5570
613,810,Asus,1099.0,FHD,Intel,Core i5,256 GB,0 GB,0 GB,0 GB,Medio,2.5,Windows 10,8,Notebook,Pro P2540UA-XS51
711,119,HP,1084.0,FHD,Intel,Core i7,512 GB,0 GB,0 GB,0 GB,Medio,1.8,Windows 10,8,Notebook,Probook 440
1245,1016,Dell,547.0,WXGA,Intel,Core i3,128 GB,0 GB,0 GB,0 GB,Medio,2.4,Windows 10,4,Notebook,Vostro 3568
639,412,Asus,1873.0,FHD,Intel,Core i7,512 GB,0 GB,0 GB,0 GB,Ligero,2.7,Windows 10,8,Ultrabook,Zenbook 3
9,165,Acer,805.0,FHD,Intel,Core i5,256 GB,0 GB,0 GB,0 GB,Pesado,1.6,Windows 10,4,Notebook,Aspire A517-51G
1213,712,Lenovo,450.0,WXGA,Intel,Core i3,0 GB,500 GB,0 GB,0 GB,Medio,2.0,No OS,4,Notebook,V310-15ISK
535,432,Dell,1159.0,FHD,Intel,Core i7,128 GB,1 TB,0 GB,0 GB,Pesado,2.8,Windows 10,8,Gaming,Inspiron 7577
155,1206,Dell,1099.0,Touch,Intel,Core i5,256 GB,0 GB,0 GB,0 GB,Ligero,2.4,Linux,8,Ultrabook,XPS 13
1074,561,HP,1280.0,FHD,Intel,Core i7,0 GB,1 TB,0 GB,0 GB,Pesado,2.7,Windows 10,8,Notebook,ProBook 470
472,599,Dell,603.0,WXGA,Intel,Core M 7Y30,128 GB,0 GB,0 GB,0 GB,Ligero,1.0,Windows 10,4,Convertible,Inspiron 3179
47,601,Lenovo,529.0,FHD,Intel,Core i3,0 GB,500 GB,0 GB,0 GB,Pesado,2.0,No OS,4,Notebook,V320-17ISK
5,132,HP,928.0,FHD,Intel,Core i5,256 GB,0 GB,0 GB,0 GB,Medio,1.6,Windows 10,8,Notebook,ProBook 470
466,1139,Asus,435.0,WXGA,Intel,Core i3,0 GB,1 TB,0 GB,0 GB,Medio,2.4,Windows 10,4,Notebook,VivoBook Max
712,129,HP,812.0,FHD,Intel,Core i5,0 GB,1 TB,0 GB,0 GB,Medio,1.6,Windows 10,8,Notebook,Probook 440
212,838,Acer,619.0,FHD,Intel,Core i3,128 GB,0 GB,0 GB,0 GB,Medio,2.4,Windows 10,8,Notebook,Swift 3
1067,3,HP,575.0,FHD,Intel,Core i5,256 GB,0 GB,0 GB,0 GB,Medio,2.5,No OS,8,Notebook,250 G6
785,371,HP,389.0,WXGA,Intel,Pentium Quad Core,0 GB,2 TB,0 GB,0 GB,Medio,1.6,Windows 10,8,Notebook,15-AY023na
332,806,Dell,810.0,WXGA,Intel,Core i5,128 GB,0 GB,0 GB,0 GB,Medio,2.5,Windows 10,8,Notebook,Latitude 3580
1199,625,MSI,2267.86,FHD,Intel,Core i7,256 GB,1 TB,0 GB,0 GB,Pesado,2.8,Windows 10,16,Gaming,GT62VR 7RE
412,298,Dell,1829.0,FHD,Intel,Core i7,256 GB,0 GB,0 GB,0 GB,Medio,2.8,Windows 10,8,Notebook,XPS 15
200,424,HP,1500.0,FHD,Intel,Core i7,256 GB,0 GB,0 GB,0 GB,Ligero,2.5,Windows 10,8,Ultrabook,EliteBook 1040
509,337,Toshiba,943.0,FHD,Intel,Core i5,256 GB,0 GB,0 GB,0 GB,Medio,2.5,Windows 10,8,Notebook,Satellite Pro
411,1247,MSI,1149.0,FHD,Intel,Core i7,128 GB,1 TB,0 GB,0 GB,Medio,2.8,Windows 10,8,Gaming,GL62M 7RDX
627,878,Lenovo,1950.0,FHD,Intel,Core i7,256 GB,0 GB,0 GB,0 GB,Ligero,2.7,Windows 10,8,Convertible,ThinkPad Yoga
1088,347,Lenovo,899.0,FHD,AMD,A12-Series,0 GB,2 TB,0 GB,0 GB,Medio,3.6,Windows 10,12,Notebook,IdeaPad 320-15ABR
881,939,Dell,729.9,WXGA,Intel,Core i5,0 GB,500 GB,0 GB,0 GB,Medio,2.3,Windows 10,4,Notebook,Latitude 3580
914,984,Dell,1899.0,Touch,Intel,Core i7,512 GB,0 GB,0 GB,0 GB,Ligero,1.3,Windows 10,16,Convertible,XPS 13
690,187,Toshiba,793.0,WXGA,Intel,Core i5,128 GB,0 GB,0 GB,0 GB,Medio,2.5,Windows 10,8,Notebook,Satellite Pro
111,478,HP,1154.0,FHD,Intel,Core i5,0 GB,500 GB,0 GB,0 GB,Medio,2.5,Windows 10,8,Notebook,ZBook 15u
26,989,HP,979.0,FHD,Intel,Core i5,128 GB,1 TB,0 GB,0 GB,Medio,2.7,Windows 10,8,Notebook,Probook 450
375,559,Dell,2699.0,FHD,Intel,Core i7,256 GB,1 TB,0 GB,0 GB,Pesado,2.8,Windows 10,16,Gaming,Alienware 17
289,1213,HP,1327.0,FHD,Intel,Core i7,128 GB,1 TB,0 GB,0 GB,Medio,2.8,Windows 10,12,Notebook,Pavilion Power
1007,142,HP,699.0,FHD,Intel,Core i5,256 GB,0 GB,0 GB,0 GB,Ligero,2.5,Windows 10,4,Notebook,Envy 13-AD007nv
476,1141,Lenovo,479.0,Touch,Intel,Atom x5,0 GB,0 GB,64 GB,0 GB,Ligero,1.44,Windows 10,4,Convertible,Yoga Book
475,64,Asus,941.0,FHD,Intel,Core i5,256 GB,0 GB,0 GB,0 GB,Ligero,1.6,Windows 10,8,Notebook,UX410UA-GV350T
125,410,Acer,879.0,FHD,Intel,Core i7,256 GB,0 GB,0 GB,0 GB,Medio,2.8,Linux,8,Notebook,Aspire 7
1154,859,HP,1468.0,FHD,Intel,Core i7,512 GB,0 GB,0 GB,0 GB,Medio,2.5,Windows 10,8,Ultrabook,EliteBook 840
1184,359,HP,1738.27,FHD,Intel,Core i7,256 GB,0 GB,0 GB,0 GB,Pesado,2.8,Windows 10,8,Workstation,Zbook 15
322,574,Fujitsu,739.0,WXGA,Intel,Core i5,0 GB,1 TB,0 GB,0 GB,Medio,2.5,Windows 10,8,Notebook,Lifebook A557
280,885,Samsung,1849.0,FHD,Intel,Core i7,256 GB,0 GB,0 GB,0 GB,Ligero,2.7,Windows 10,16,Ultrabook,Notebook 9
63,125,Lenovo,629.0,FHD,Intel,Core i5,256 GB,0 GB,0 GB,0 GB,Medio,2.5,No OS,8,Notebook,IdeaPad 320-15IKBN
547,862,Asus,1899.0,FHD,Intel,Core i7,128 GB,1 TB,0 GB,0 GB,Medio,2.8,Windows 10,16,Gaming,Rog GL502VM-DS74
1293,322,Lenovo,459.9,WXGA,Intel,Celeron Dual Core,0 GB,0 GB,16 GB,0 GB,Ligero,1.6,Chrome OS,4,Notebook,ThinkPad 13
536,241,Acer,390.0,WXGA,Intel,Core i3,0 GB,1 TB,0 GB,0 GB,Medio,2.0,Linux,4,Notebook,Aspire A315-51
687,155,Lenovo,498.0,WXGA,Intel,Core i5,128 GB,0 GB,0 GB,0 GB,Medio,2.5,Windows 10,4,Notebook,V110-15IKB
1023,98,Dell,599.9,FHD,Intel,Core i7,0 GB,1 TB,0 GB,0 GB,Medio,2.7,Linux,8,Notebook,Inspiron 3567
210,1123,HP,398.0,FHD,AMD,A6-Series,0 GB,1 TB,0 GB,0 GB,Medio,2.5,Windows 10,4,Notebook,15-bw011nv
657,588,Dell,1008.52,WXGA,Intel,Core i5,0 GB,500 GB,0 GB,0 GB,Medio,2.6,Windows 10,8,Notebook,Latitude 5580
671,388,Asus,1655.0,FHD,Intel,Core i7,128 GB,1 TB,0 GB,0 GB,Medio,2.8,Windows 10,8,Gaming,ROG Strix
194,1091,Lenovo,977.0,FHD,Intel,Core i5,0 GB,1 TB,0 GB,0 GB,Medio,2.3,Windows 10,4,Notebook,Ideapad 700-15ISK
672,325,HP,1292.0,FHD,Intel,Core i7,256 GB,0 GB,0 GB,0 GB,Ligero,2.7,Windows 10,8,Notebook,Elitebook 840
1152,956,Acer,619.0,WXGA,Intel,Core i5,0 GB,500 GB,0 GB,0 GB,Medio,2.5,Windows 10,4,Notebook,TravelMate P259-G2
201,156,MSI,1890.0,FHD,Intel,Core i7,256 GB,1 TB,0 GB,0 GB,Pesado,2.8,Windows 10,16,Gaming,GE73VR 7RE
792,76,Acer,389.0,WXGA,Intel,Core i3,0 GB,1 TB,0 GB,0 GB,Medio,2.0,Windows 10,8,Notebook,Aspire E5-475
306,650,Lenovo,2450.0,FHD,Intel,Core i7,512 GB,0 GB,0 GB,0 GB,Ligero,2.7,Windows 10,16,Ultrabook,ThinkPad X1
828,231,Dell,859.01,FHD,Intel,Core i7,0 GB,1 TB,0 GB,0 GB,Medio,2.7,Windows 10,16,Notebook,Inspiron 5567
1055,918,HP,1483.0,FHD,Intel,Core i7,512 GB,0 GB,0 GB,0 GB,Ligero,2.7,Windows 10,8,Netbook,Elitebook 820
813,731,Dell,3659.4,4K,Intel,Core i7,1 TB,1 TB,0 GB,0 GB,Pesado,2.8,Windows 10,32,Gaming,Alienware 17
1000,420,Acer,789.01,FHD,Intel,Core i7,256 GB,0 GB,0 GB,0 GB,Medio,2.5,Windows 10,8,Convertible,Aspire R7
110,1000,HP,806.0,FHD,Intel,Core i5,0 GB,1 TB,0 GB,0 GB,Medio,2.5,Windows 10,8,Notebook,Probook 450
399,453,Acer,441.8,WXGA,Intel,Core i5,0 GB,500 GB,0 GB,0 GB,Medio,2.5,Linux,4,Notebook,Aspire ES1-572
636,1192,Lenovo,709.0,FHD,Intel,Core i7,0 GB,1 TB,0 GB,0 GB,Medio,2.7,No OS,8,Notebook,IdeaPad 510-15IKB
1264,157,HP,1082.0,FHD,Intel,Core i5,256 GB,0 GB,0 GB,0 GB,Ligero,2.7,Windows 10,4,Ultrabook,EliteBook 840
318,167,Lenovo,1079.0,FHD,Intel,Core i7,256 GB,0 GB,0 GB,0 GB,Medio,2.8,Windows 10,16,Gaming,Legion Y520-15IKBN
172,1237,Acer,1149.0,FHD,Intel,Core i7,256 GB,0 GB,0 GB,0 GB,Ligero,1.3,Windows 10,8,Convertible,SP714-51
293,289,Acer,951.0,FHD,Intel,Core i7,256 GB,0 GB,0 GB,0 GB,Pesado,1.8,Windows 10,8,Notebook,Aspire A517-51G
138,1146,Lenovo,2050.38,FHD,Intel,Core i7,512 GB,0 GB,0 GB,0 GB,Medio,2.6,Windows 7,8,Convertible,ThinkPad P40
747,1256,MSI,1169.0,FHD,Intel,Core i7,128 GB,1 TB,0 GB,0 GB,Medio,2.6,Windows 10,8,Gaming,GL62 6QF
801,1064,Lenovo,2620.0,QHD,Intel,Core i7,256 GB,0 GB,0 GB,0 GB,Ligero,2.6,Windows 7,16,Notebook,ThinkPad X1
45,414,Dell,1680.0,FHD,Intel,Core i7,512 GB,0 GB,0 GB,0 GB,Ligero,2.8,Windows 10,8,Ultrabook,Latitude 7480
1262,245,Lenovo,589.0,WXGA,Intel,Core i3,128 GB,0 GB,0 GB,0 GB,Medio,2.0,Windows 10,8,Notebook,IdeaPad 320-15ISK
923,239,Acer,689.0,FHD,Intel,Core i5,256 GB,0 GB,0 GB,0 GB,Medio,2.3,Windows 10,8,Convertible,Aspire R7
879,1226,Acer,629.0,Touch,Intel,Core i3,0 GB,1 TB,0 GB,0 GB,Pesado,2.0,Windows 10,8,Notebook,Aspire E5-774G
931,1035,Toshiba,1590.0,FHD,Intel,Core i5,256 GB,0 GB,0 GB,0 GB,Ligero,2.3,Windows 10,8,Ultrabook,Portégé Z30-C-16K
730,1222,Asus,1169.0,FHD,Intel,Core i7,0 GB,1 TB,0 GB,0 GB,Medio,2.6,Windows 10,8,Gaming,FX502VM-DM105T
55,430,Asus,597.0,FHD,Intel,Core i3,0 GB,1 TB,0 GB,0 GB,Medio,2.4,Linux,8,Notebook,X542UQ-DM117
373,1177,HP,2041.0,QHD,Intel,Core i7,512 GB,0 GB,0 GB,0 GB,Ligero,2.6,Windows 10,8,Convertible,Spectre Pro
603,925,Lenovo,789.0,FHD,Intel,Core i7,256 GB,0 GB,0 GB,0 GB,Medio,2.7,Windows 10,6,Notebook,IdeaPad 510-15IKB
197,906,Toshiba,1475.0,FHD,Intel,Core i5,256 GB,0 GB,0 GB,0 GB,Ligero,2.5,Windows 10,8,Notebook,Portege X30-D-10V
599,442,Asus,1695.0,FHD,AMD,Ryzen 1600,256 GB,1 TB,0 GB,0 GB,Pesado,3.2,Windows 10,8,Gaming,Rog Strix
1258,797,Acer,2299.0,FHD,Intel,Core i7,256 GB,1 TB,0 GB,0 GB,Pesado,2.8,Windows 10,16,Gaming,Predator G9-793
682,116,HP,722.0,WXGA,Intel,Core i5,0 GB,500 GB,0 GB,0 GB,Medio,1.6,Windows 10,4,Notebook,Probook 440
752,10,Acer,770.0,FHD,Intel,Core i5,256 GB,0 GB,0 GB,0 GB,Medio,1.6,Windows 10,8,Ultrabook,Swift 3
283,563,Mediacom,255.0,FHD,Intel,Atom x5,0 GB,0 GB,32 GB,0 GB,Ligero,1.44,Windows 10,4,Notebook,SmartBook 130
1205,883,Toshiba,1388.0,FHD,Intel,Core i7,256 GB,0 GB,0 GB,0 GB,Medio,2.7,Windows 10,8,Notebook,Tecra A50-D-11D
1237,1216,Acer,272.0,WXGA,Intel,Celeron Dual Core,0 GB,1 TB,0 GB,0 GB,Medio,2.0,Linux,4,Notebook,Aspire 3
28,994,Dell,1299.0,FHD,Intel,Core i7,512 GB,0 GB,0 GB,0 GB,Medio,2.7,Windows 10,12,Convertible,Inspiron 7579
809,56,Dell,767.8,FHD,Intel,Core i7,256 GB,0 GB,0 GB,0 GB,Medio,1.8,Windows 10,8,Notebook,Inspiron 3576
1274,565,HP,568.9,FHD,AMD,A10-Series,128 GB,0 GB,0 GB,0 GB,Medio,2.5,Windows 10,6,Notebook,15-bw007nv
532,89,HP,598.99,FHD,Intel,Core i5,256 GB,0 GB,0 GB,0 GB,Medio,2.5,Windows 10,8,Notebook,250 G6
1167,1249,Razer,3499.0,FHD,Intel,Core i7,1 TB,0 GB,0 GB,0 GB,Medio,2.8,Windows 10,16,Gaming,Blade Pro
942,506,Lenovo,911.0,FHD,Intel,Core i5,256 GB,0 GB,0 GB,0 GB,Medio,2.5,Windows 10,8,Notebook,ThinkPad L570
638,123,Acer,479.0,FHD,Intel,Core i3,0 GB,1 TB,0 GB,0 GB,Medio,2.4,Windows 10,6,Notebook,Spin 3
739,909,HP,900.0,FHD,Intel,Core i7,0 GB,1 TB,0 GB,0 GB,Medio,2.7,Windows 10,8,Notebook,ProBook 450
1181,235,Asus,398.99,WXGA,Intel,Core i3,0 GB,1 TB,0 GB,0 GB,Medio,2.4,Windows 10,4,Notebook,Pro P2540UA-XO0198T
109,1274,Asus,1900.0,FHD,Intel,Core i7,128 GB,1 TB,0 GB,0 GB,Pesado,2.6,Windows 10,16,Gaming,Rog G752VT-GC073T
1235,853,Dell,713.99,WXGA,Intel,Core i5,128 GB,0 GB,0 GB,0 GB,Medio,2.5,Windows 10,8,Notebook,Vostro 3568
640,935,HP,1296.99,FHD,Intel,Core i7,256 GB,0 GB,0 GB,0 GB,Medio,2.5,Windows 10,8,Ultrabook,EliteBook 850
319,1266,Lenovo,573.0,FHD,Intel,Core i5,256 GB,0 GB,0 GB,0 GB,Medio,2.5,No OS,8,Notebook,V510-15IKB
1002,32,Asus,199.0,WXGA,AMD,E-Series,0 GB,0 GB,32 GB,0 GB,Medio,1.5,Windows 10,2,Notebook,E402WA-GA010T
132,828,Dell,755.0,WXGA,Intel,Core i5,0 GB,500 GB,0 GB,0 GB,Medio,2.3,Windows 10,4,Notebook,Latitude 3480
560,1286,HP,209.0,WXGA,Intel,Celeron Dual Core,0 GB,0 GB,32 GB,0 GB,Ligero,1.6,Windows 10,2,Netbook,Stream 11-Y000na
601,689,Asus,419.0,WXGA,Intel,Celeron Dual Core,128 GB,0 GB,0 GB,0 GB,Medio,1.1,Windows 10,4,Notebook,L502NA-GO052T
495,851,Dell,3072.89,FHD,Intel,Core i7,512 GB,1 TB,0 GB,0 GB,Pesado,2.8,Windows 10,32,Gaming,Alienware 17
839,1012,Asus,1799.0,FHD,Intel,Core i7,256 GB,1 TB,0 GB,0 GB,Medio,2.8,Windows 10,16,Gaming,Rog GL553VE-DS74
622,270,Dell,799.0,FHD,Intel,Core i5,256 GB,0 GB,0 GB,0 GB,Pesado,1.6,Windows 10,8,Convertible,Inspiron 5579
619,121,Asus,564.0,FHD,Intel,Core i3,0 GB,1 TB,0 GB,0 GB,Medio,2.0,Windows 10,4,Notebook,X705UV-BX074T
631,794,MSI,1891.0,FHD,Intel,Core i7,256 GB,1 TB,0 GB,0 GB,Medio,2.8,Windows 10,16,Gaming,GS43VR 7RE
515,197,Lenovo,698.0,Touch,Intel,Core i5,256 GB,0 GB,0 GB,0 GB,Pesado,1.6,No OS,8,Notebook,IdeaPad 320-17IKBR
869,686,LG,2299.0,FHD,Intel,Core i7,512 GB,0 GB,0 GB,0 GB,Ligero,1.8,Windows 10,8,Ultrabook,Gram 15Z975
1068,1161,HP,2229.0,FHD,Intel,Core i7,256 GB,0 GB,0 GB,0 GB,Pesado,2.6,Windows 7,8,Workstation,ZBook 15
99,985,Dell,1962.98,QHD,Intel,Core i7,256 GB,0 GB,0 GB,0 GB,Medio,2.6,Windows 10,8,Ultrabook,Latitude E7470
795,130,Asus,277.99,WXGA,AMD,E-Series,64 GB,0 GB,0 GB,0 GB,Medio,1.5,Windows 10 S,4,Notebook,E402WA-GA007T
408,1303,Lenovo,1499.0,Touch,Intel,Core i7,512 GB,0 GB,0 GB,0 GB,Ligero,2.5,Windows 10,16,Convertible,Yoga 900-13ISK
634,501,Asus,1269.0,FHD,Intel,Core i7,256 GB,1 TB,0 GB,0 GB,Pesado,2.6,Windows 10,24,Gaming,Rog G752VL-UH71T
489,6,Acer,400.0,WXGA,AMD,A9-Series,0 GB,500 GB,0 GB,0 GB,Medio,3.0,Windows 10,4,Notebook,Aspire 3
544,358,MSI,1409.0,FHD,Intel,Core i7,128 GB,1 TB,0 GB,0 GB,Pesado,2.8,Windows 10,8,Gaming,GP72MVR 7RFX
853,871,Lenovo,850.66,FHD,Intel,Core i5,0 GB,1 TB,0 GB,0 GB,Medio,2.5,Windows 10,8,Notebook,ThinkPad E570
15,843,Lenovo,1650.0,FHD,Intel,Core i5,256 GB,0 GB,0 GB,0 GB,Ligero,2.6,Windows 10,8,Notebook,ThinkPad T470s
485,914,Dell,1649.0,FHD,Intel,Core i7,256 GB,0 GB,0 GB,0 GB,Ligero,1.3,Windows 10,16,Convertible,XPS 13
290,472,Asus,304.0,WXGA,Intel,Pentium Quad Core,0 GB,500 GB,0 GB,0 GB,Medio,1.1,Windows 10,4,Notebook,X541NA-PD1003Y
860,399,Acer,693.99,WXGA,Intel,Core i5,0 GB,1 TB,0 GB,0 GB,Medio,1.6,Windows 10,12,Notebook,Aspire 5
1206,1041,HP,1060.0,WXGA,Intel,Core i5,0 GB,500 GB,0 GB,0 GB,Medio,2.5,Windows 10,4,Notebook,ProBook 640
1174,823,Dell,789.81,FHD,Intel,Core i5,256 GB,0 GB,0 GB,0 GB,Medio,2.5,Windows 10,8,Notebook,Vostro 3568
566,611,Dell,465.0,WXGA,Intel,Core i3,0 GB,1 TB,0 GB,0 GB,Medio,2.0,Linux,4,Notebook,Vostro 3568
227,373,Lenovo,809.0,FHD,Intel,Core i5,128 GB,1 TB,0 GB,0 GB,Medio,2.5,No OS,8,Gaming,Legion Y520-15IKBN
967,1312,HP,549.99,FHD,AMD,A9-Series,0 GB,0 GB,0 GB,0 TB,Medio,2.9,Windows 10,6,Notebook,Pavilion 15-AW003nv
423,836,Dell,585.0,WXGA,Intel,Core i3,0 GB,500 GB,0 GB,0 GB,Medio,2.0,Windows 10,4,Notebook,Latitude 3480
1221,609,Acer,329.0,FHD,Intel,Celeron Quad Core,0 GB,0 GB,32 GB,0 GB,Medio,1.1,Windows 10,4,Notebook,Aspire 1
1116,936,HP,1149.0,Touch,Intel,Core i7,256 GB,0 GB,0 GB,0 GB,Ligero,2.7,Windows 10,8,Ultrabook,Envy 13-AB077cl
947,642,Asus,399.0,WXGA,Intel,Celeron Dual Core,0 GB,1 TB,0 GB,0 GB,Medio,1.1,Windows 10,8,Notebook,X541NA-GO414T
178,728,Lenovo,1686.64,QHD,Intel,Core i7,512 GB,0 GB,0 GB,0 GB,Ligero,2.5,Windows 10,8,Ultrabook,ThinkPad X1
580,719,Dell,1089.0,FHD,Intel,Core i5,256 GB,0 GB,0 GB,0 GB,Medio,2.8,Linux,8,Notebook,Latitude 5480
370,749,Dell,665.0,WXGA,Intel,Core i3,256 GB,0 GB,0 GB,0 GB,Medio,2.0,Windows 10,8,Notebook,Vostro 3568
291,83,Apple,1510.0,Touch,Intel,Core i5,512 GB,0 GB,0 GB,0 GB,Ligero,1.3,macOS,8,Ultrabook,"MacBook 12"""
652,143,Acer,655.0,FHD,Intel,Core i3,0 GB,1 TB,0 GB,0 GB,Pesado,2.7,Windows 10,4,Notebook,Aspire 5
349,1175,Lenovo,2299.0,FHD,Intel,Core i7,512 GB,0 GB,0 GB,0 GB,Ligero,2.6,Windows 7,12,Ultrabook,ThinkPad T460s
23,2,Apple,898.94,Touch,Intel,Core i5,0 GB,0 GB,128 GB,0 GB,Ligero,1.8,macOS,8,Ultrabook,Macbook Air
956,180,Acer,449.0,WXGA,Intel,Core i3,128 GB,0 GB,0 GB,0 GB,Medio,2.0,Windows 10,4,Notebook,Aspire A315-51
996,560,HP,544.15,Touch,Intel,Core i3,0 GB,1 TB,0 GB,0 GB,Pesado,2.0,Windows 10,8,Notebook,17-X047na
1296,932,Dell,1349.0,FHD,Intel,Core i7,128 GB,1 TB,0 GB,0 GB,Pesado,2.8,Windows 10,16,Gaming,Inspiron 7567
482,1131,Lenovo,2749.99,FHD,Intel,Core i7,256 GB,0 GB,0 GB,0 TB,Pesado,2.7,Windows 10,16,Gaming,IdeaPad Y900-17ISK
650,677,Acer,412.0,WXGA,Intel,Core i3,128 GB,0 GB,0 GB,0 GB,Medio,2.0,Linux,4,Notebook,Aspire 3
624,616,Acer,349.0,WXGA,Intel,Pentium Quad Core,0 GB,0 GB,128 GB,0 GB,Medio,1.6,Windows 10,4,Notebook,Swift SF114-31-P5HY
888,118,HP,1398.99,FHD,Intel,Core i5,256 GB,0 GB,0 GB,0 GB,Ligero,1.6,Windows 10,8,Convertible,Spectre x360
488,753,Acer,330.0,WXGA,Intel,Celeron Dual Core,0 GB,0 GB,32 GB,0 GB,Medio,1.6,Chrome OS,2,Notebook,Chromebook 14
1238,422,Dell,598.9,FHD,Intel,Core i5,256 GB,0 GB,0 GB,0 GB,Medio,2.5,Linux,4,Notebook,Inspiron 3567
154,668,Dell,1229.0,FHD,Intel,Core i5,256 GB,0 GB,0 GB,0 GB,Medio,2.4,Windows 10,8,Notebook,Latitude E7470
381,705,Asus,669.0,FHD,Intel,Core M M3,0 GB,0 GB,64 GB,0 GB,Ligero,0.9,Chrome OS,4,Convertible,Chromebook Flip
512,915,Lenovo,2049.0,FHD,Intel,Core i7,0 GB,0 GB,256 GB,0 GB,Ligero,2.7,Windows 10,8,Ultrabook,ThinkPad X1
494,785,Lenovo,2370.0,4K,Intel,Core i7,512 GB,0 GB,0 GB,0 GB,Medio,2.7,Windows 7,16,Notebook,Thinkpad P50
742,1034,Dell,795.99,FHD,Intel,Core i3,0 GB,1 TB,0 GB,0 GB,Medio,2.3,Windows 10,4,Convertible,Inspiron 5568
61,372,Dell,1085.0,FHD,Intel,Core i5,128 GB,1 TB,0 GB,0 GB,Pesado,1.6,Windows 10,8,Notebook,Inspiron 5770
907,1038,Dell,1046.44,FHD,Intel,Core i5,0 GB,500 GB,0 GB,0 GB,Medio,2.4,Windows 10,8,Notebook,Latitude E5570
308,610,MSI,2199.0,FHD,Intel,Core i7,128 GB,1 TB,0 GB,0 GB,Pesado,2.7,Windows 10,16,Gaming,Laptop MSI
72,1306,Asus,369.0,WXGA,Intel,Celeron Dual Core,0 GB,500 GB,0 GB,0 GB,Medio,1.6,Windows 10,4,Notebook,X553SA-XX031T
454,485,Dell,675.0,FHD,Intel,Core i5,0 GB,1 TB,0 GB,0 GB,Medio,1.6,Windows 10,8,Notebook,Inspiron 3576
978,905,MSI,2649.0,4K,Intel,Core i7,512 GB,2 TB,0 GB,0 GB,Medio,2.6,Windows 10,16,Gaming,GS73VR Stealth
581,587,Mediacom,389.0,FHD,Intel,Celeron Quad Core,32 GB,0 GB,0 GB,0 GB,Ligero,1.1,Windows 10,4,Notebook,SmartBook Edge
1192,254,Apple,2040.0,Touch,Intel,Core i5,512 GB,0 GB,0 GB,0 GB,Ligero,3.1,macOS,8,Ultrabook,MacBook Pro
1268,426,Lenovo,1215.38,FHD,Intel,Core i7,256 GB,0 GB,0 GB,0 GB,Medio,1.8,Windows 10,8,Ultrabook,ThinkPad E480
1160,646,Lenovo,1757.42,FHD,Intel,Core i7,256 GB,0 GB,0 GB,0 GB,Ligero,2.7,Windows 10,8,Convertible,Thinkpad Yoga
1040,881,Lenovo,1055.0,WXGA,Intel,Core i5,0 GB,500 GB,0 GB,0 GB,Medio,2.5,Windows 10,4,Notebook,ThinkPad L570
658,542,Dell,1369.0,FHD,Intel,Core i7,256 GB,0 GB,0 GB,0 GB,Medio,2.8,Windows 10,8,Notebook,Latitude 5580
1018,1122,Lenovo,867.0,FHD,Intel,Core i5,256 GB,0 GB,0 GB,0 GB,Medio,2.3,Windows 10,4,Convertible,Yoga 500-15ISK
531,351,Lenovo,1129.0,FHD,Intel,Core i7,256 GB,2 TB,0 GB,0 GB,Medio,2.8,Windows 10,16,Gaming,Legion Y520-15IKBN
723,886,Dell,1690.0,FHD,Intel,Core i7,256 GB,0 GB,0 GB,0 GB,Medio,2.8,Windows 10,8,Ultrabook,Latitude 7280
1077,313,Lenovo,819.0,FHD,Intel,Core i5,128 GB,1 TB,0 GB,0 GB,Medio,2.5,Windows 10,8,Notebook,IdeaPad 320-15IKB
877,1307,Asus,729.0,FHD,Intel,Core M 6Y30,512 GB,0 GB,0 GB,0 GB,Ligero,0.9,Windows 10,8,Ultrabook,ZenBook UX305CA-UBM1
645,39,HP,488.69,WXGA,Intel,Core i5,0 GB,1 TB,0 GB,0 GB,Medio,2.5,Windows 10,4,Notebook,250 G6
342,314,HP,469.0,FHD,Intel,Core i3,0 GB,1 TB,0 GB,0 GB,Medio,2.0,Windows 10,4,Notebook,250 G6
426,585,MSI,2729.0,FHD,Intel,Core i7,512 GB,1 TB,0 GB,0 GB,Pesado,2.9,Windows 10,16,Gaming,GT73VR Titan
753,716,Lenovo,1191.0,FHD,Intel,Core i5,256 GB,0 GB,0 GB,0 GB,Medio,2.3,Windows 10,8,Notebook,Thinkpad T460p
261,678,Microsoft,1867.85,Touch,Intel,Core i7,256 GB,0 GB,0 GB,0 GB,Ligero,2.8,Windows 10 S,8,Ultrabook,Surface Laptop
395,803,Apple,1165.0,Touch,Intel,Core M 1,0 GB,0 GB,512 GB,0 GB,Ligero,1.2,Mac OS X,8,Ultrabook,"MacBook 12"""
766,733,Lenovo,489.9,WXGA,Intel,Core i5,0 GB,1 TB,0 GB,0 GB,Medio,2.5,No OS,4,Notebook,V310-15IKB
209,1242,Dell,509.0,FHD,Intel,Core i3,0 GB,500 GB,0 GB,0 GB,Medio,2.4,Windows 10,4,Convertible,Inspiron 5578
1138,1254,HP,2198.19,QHD,Intel,Core i7,256 GB,0 GB,0 GB,0 GB,Medio,2.5,Windows 7,8,Ultrabook,EliteBook 840
64,864,Lenovo,1903.0,FHD,Intel,Core i7,256 GB,0 GB,0 GB,0 GB,Medio,2.8,Windows 10,8,Ultrabook,ThinkPad T470p
1161,635,Asus,639.01,FHD,Intel,Core i5,0 GB,1 TB,0 GB,0 GB,Medio,2.5,Windows 10,6,Convertible,Q304UA-BHI5T11
366,1136,HP,1690.0,FHD,Intel,Core i5,256 GB,0 GB,0 GB,0 GB,Ligero,2.3,Windows 10,8,Notebook,Spectre Pro
92,1104,Acer,387.0,WXGA,AMD,A8-Series,0 GB,500 GB,0 GB,0 GB,Medio,2.2,Windows 10,4,Notebook,Aspire ES1-523
50,924,HP,3100.0,4K,Intel,Core M 6Y75,240 GB,0 GB,0 GB,0 GB,Ligero,1.2,Windows 10,8,Ultrabook,Elitebook Folio
656,877,Toshiba,1095.0,WXGA,Intel,Core i5,256 GB,0 GB,0 GB,0 GB,Ligero,2.3,Windows 10,8,Ultrabook,Portégé Z30-C-188
606,1290,Lenovo,229.0,WXGA,Intel,Celeron Dual Core,0 GB,0 GB,64 GB,0 GB,Medio,1.6,Windows 10,2,Notebook,IdeaPad 100S-14IBR
503,1194,Lenovo,825.0,FHD,Intel,Core i7,0 GB,0 GB,0 GB,0 TB,Medio,2.5,Windows 7,4,Notebook,B51-80
1288,934,Dell,684.99,WXGA,Intel,Core i5,0 GB,1 TB,0 GB,0 GB,Medio,2.5,Windows 10,4,Notebook,Vostro 3568
1193,1316,Lenovo,638.0,FHD,Intel,Core i7,128 GB,0 GB,0 GB,0 GB,Medio,2.5,Windows 10,4,Convertible,Yoga 500-14ISK
188,656,Toshiba,1213.0,FHD,Intel,Core i5,256 GB,0 GB,0 GB,0 GB,Ligero,2.3,Windows 10,8,Notebook,Portege Z30-C-16J
945,970,Dell,1899.0,FHD,Intel,Core i5,256 GB,0 GB,0 GB,0 GB,Ligero,1.2,Windows 10,8,Convertible,XPS 13
1024,68,HP,438.69,WXGA,Intel,Core i3,0 GB,500 GB,0 GB,0 GB,Medio,2.0,Windows 10,4,Notebook,250 G6
53,691,HP,699.0,FHD,Intel,Core i3,256 GB,0 GB,0 GB,0 GB,Medio,2.0,Windows 10,4,Notebook,17-bs000nv I3
981,632,Lenovo,899.0,FHD,Intel,Core i7,0 GB,1 TB,0 GB,0 GB,Medio,2.7,Windows 10,8,Notebook,IdeaPad 320-15IKB
1282,1246,Lenovo,1029.0,FHD,Intel,Core i7,128 GB,1 TB,0 GB,0 GB,Pesado,2.6,Windows 10,16,Gaming,IdeaPad Y700-15ISK
721,1240,HP,529.0,FHD,AMD,A12-Series,0 GB,1 TB,0 GB,0 GB,Medio,2.7,Windows 10,6,Notebook,15-bw009nv
441,1245,Dell,521.86,WXGA,Intel,Core i5,0 GB,1 TB,0 GB,0 GB,Medio,2.5,Linux,4,Notebook,Vostro 3568
1222,106,HP,1119.0,FHD,Intel,Core i7,256 GB,0 GB,0 GB,0 GB,Ligero,2.7,Windows 10,8,Ultrabook,Envy 13-ad009n
992,1165,Dell,1009.9,FHD,Intel,Core i7,256 GB,0 GB,0 GB,0 GB,Medio,2.7,Windows 10,8,Notebook,Vostro 5568
1271,319,Asus,275.0,WXGA,Intel,Celeron Dual Core,0 GB,0 GB,32 GB,0 GB,Ligero,1.1,Windows 10,2,Convertible,VivoBook Flip
546,1292,Asus,369.0,WXGA,Intel,Celeron Dual Core,0 GB,500 GB,0 GB,0 GB,Medio,1.6,Windows 10,4,Notebook,X553SA-XX031T
541,1060,HP,1469.0,FHD,Intel,Core i5,256 GB,0 GB,0 GB,0 GB,Ligero,2.3,Windows 7,8,Notebook,EliteBook 1040
915,655,Razer,2599.0,FHD,Intel,Core i7,256 GB,0 GB,0 GB,0 GB,Medio,2.8,Windows 10,16,Gaming,Blade Pro
543,938,Lenovo,1825.0,FHD,Intel,Core i5,512 GB,0 GB,0 GB,0 GB,Ligero,2.5,Windows 10,8,Convertible,ThinkPad Yoga
139,523,HP,521.47,WXGA,Intel,Core i5,0 GB,1 TB,0 GB,0 GB,Medio,1.6,Windows 10,4,Notebook,15-bs190od
929,1285,Dell,805.99,WXGA,Intel,Core i7,0 GB,1 TB,0 GB,0 GB,Medio,2.7,Linux,8,Notebook,Inspiron 3567
565,1145,HP,629.0,WXGA,Intel,Core i7,0 GB,2 TB,0 GB,0 GB,Medio,2.7,Windows 10,8,Notebook,15-bs078cl
300,213,Lenovo,597.0,WXGA,Intel,Core i5,256 GB,0 GB,0 GB,0 GB,Medio,2.5,Windows 10,8,Notebook,IdeaPad 320-15IKBN
960,860,HP,299.0,WXGA,Intel,Celeron Dual Core,128 GB,0 GB,0 GB,0 GB,Medio,1.6,No OS,4,Notebook,250 G6
750,954,HP,1399.0,FHD,Intel,Core i5,128 GB,1 TB,0 GB,0 GB,Pesado,2.3,Windows 10,8,Gaming,Omen 17-W006na
362,763,Asus,849.9,WXGA,Intel,Core i7,256 GB,0 GB,0 GB,0 GB,Medio,2.7,Windows 10,4,Notebook,Pro P2540UA-XO0192R
808,706,Toshiba,1877.0,FHD,Intel,Core i7,512 GB,0 GB,0 GB,0 GB,Ligero,2.5,Windows 10,16,Ultrabook,Portege Z30T-C-133
263,154,Dell,899.0,FHD,Intel,Core i7,0 GB,0 GB,0 GB,0 TB,Pesado,2.8,Windows 10,8,Gaming,Inspiron 7567
701,750,Toshiba,1535.0,FHD,Intel,Core i5,256 GB,0 GB,0 GB,0 GB,Ligero,2.5,Windows 10,8,Notebook,Tecra X40-D-10G
549,703,Acer,269.0,WXGA,Intel,Celeron Dual Core,0 GB,0 GB,32 GB,0 GB,Ligero,1.6,Windows 10,4,Netbook,TravelMate B117-M
530,775,Asus,470.34,WXGA,Intel,Pentium Quad Core,0 GB,1 TB,0 GB,0 GB,Pesado,1.1,Windows 10,4,Notebook,X751NV-TY001
1010,723,Lenovo,857.07,FHD,Intel,Core i5,256 GB,0 GB,0 GB,0 GB,Medio,2.5,Windows 10,8,Notebook,Thinkpad E470
382,191,Lenovo,779.0,FHD,Intel,Core i5,256 GB,0 GB,0 GB,0 GB,Medio,2.5,No OS,8,Gaming,Legion Y520-15IKBN
80,1172,Dell,2250.68,4K,Intel,Core i5,256 GB,0 GB,0 GB,0 GB,Medio,2.3,Windows 10,8,Notebook,XPS 15
939,798,Dell,985.0,FHD,Intel,Core i5,256 GB,0 GB,0 GB,0 GB,Pesado,2.5,Windows 10,8,Gaming,Inspiron 7567
789,1037,HP,1185.43,FHD,Intel,Core i7,256 GB,0 GB,0 GB,0 GB,Medio,2.7,Windows 10,8,Notebook,ProBook 440
1239,1057,Lenovo,1049.6,FHD,Intel,Core i5,256 GB,0 GB,0 GB,0 GB,Medio,2.3,Windows 10,8,Notebook,Thinkpad L560
871,357,HP,1304.0,FHD,Intel,Core i7,256 GB,0 GB,0 GB,0 GB,Medio,2.7,Windows 10,8,Notebook,Elitebook 850
218,1025,HP,1539.0,FHD,Intel,Core i5,0 GB,500 GB,0 GB,0 GB,Ligero,2.5,Windows 10,4,Ultrabook,EliteBook 820
1182,29,Dell,1298.0,FHD,Intel,Core i7,256 GB,0 GB,0 GB,0 GB,Medio,1.9,Windows 10,8,Ultrabook,Latitude 5590
928,508,HP,618.99,WXGA,Intel,Core i5,256 GB,0 GB,0 GB,0 GB,Medio,2.5,Windows 10,8,Notebook,15-BS026nv
722,1181,Lenovo,459.0,WXGA,Intel,Core i3,0 GB,1 TB,0 GB,0 GB,Medio,2.0,Windows 10,8,Notebook,IdeaPad 310-15ISK
126,105,Dell,647.0,FHD,Intel,Core i5,0 GB,1 TB,0 GB,0 GB,Medio,1.6,Linux,8,Notebook,Inspiron 3576
486,395,Lenovo,2509.0,QHD,Intel,Core i7,512 GB,0 GB,0 GB,0 GB,Ligero,2.7,Windows 10,16,Convertible,ThinkPad X1
1230,312,Toshiba,1043.0,FHD,Intel,Core i7,256 GB,0 GB,0 GB,0 GB,Medio,2.5,Windows 10,8,Notebook,Satellite Pro
823,345,Dell,1142.75,FHD,Intel,Core i5,256 GB,0 GB,0 GB,0 GB,Medio,1.6,Windows 10,8,Notebook,Inspiron 7570
1300,1111,Dell,638.8,FHD,Intel,Core i5,0 GB,1 TB,0 GB,0 GB,Medio,2.5,Windows 10,8,Notebook,Inspiron 5567
1190,366,HP,439.0,WXGA,Intel,Core i3,0 GB,500 GB,0 GB,0 GB,Medio,2.0,Windows 10,4,Notebook,250 G6
401,170,Acer,363.51,WXGA,Intel,Pentium Quad Core,0 GB,1 TB,0 GB,0 GB,Medio,1.1,Windows 10,4,Notebook,Aspire 3
427,1,Apple,1339.69,Touch,Intel,Core i5,128 GB,0 GB,0 GB,0 GB,Ligero,2.3,macOS,8,Ultrabook,MacBook Pro
990,1095,Lenovo,1399.0,QHD,Intel,Core M 6Y75,512 GB,0 GB,0 GB,0 GB,Ligero,1.2,Windows 10,8,Ultrabook,Yoga 900S-12ISK
1043,822,Dell,961.0,FHD,Intel,Core i7,0 GB,1 TB,0 GB,0 GB,Medio,2.7,Windows 10,8,Notebook,Vostro 5568
720,1031,Lenovo,2968.0,4K,Intel,Core i7,512 GB,0 GB,0 GB,0 GB,Medio,2.7,Windows 7,16,Notebook,ThinkPad P70
973,301,Acer,979.0,FHD,Intel,Core i7,256 GB,0 GB,0 GB,0 GB,Medio,2.8,Linux,8,Notebook,Aspire A715-71G
191,511,Lenovo,265.0,WXGA,Intel,Celeron Dual Core,16 GB,0 GB,0 GB,0 GB,Ligero,1.6,Chrome OS,4,Netbook,Chromebook N23
96,593,HP,1498.0,FHD,Intel,Core i7,256 GB,1 TB,0 GB,0 GB,Pesado,2.8,Windows 10,16,Gaming,Omen 17-AN010nv
1233,294,Lenovo,659.01,FHD,Intel,Core i7,0 GB,1 TB,0 GB,0 GB,Medio,2.7,No OS,8,Notebook,IdeaPad 320-15IKB
526,800,Vero,202.9,FHD,Intel,Celeron Dual Core,0 GB,0 GB,32 GB,0 GB,Ligero,1.1,Windows 10,4,Notebook,K146
1122,527,Lenovo,1399.0,FHD,Intel,Core i7,256 GB,1 TB,0 GB,0 GB,Pesado,2.8,Windows 10,8,Gaming,Legion Y720-15IKB
325,662,HP,364.9,WXGA,Intel,Core i3,0 GB,500 GB,0 GB,0 GB,Medio,2.0,No OS,4,Notebook,250 G6
315,1283,Lenovo,899.0,FHD,Intel,Core i7,0 GB,1 TB,0 GB,0 GB,Pesado,2.6,Windows 10,8,Notebook,IdeaPad Y700-15ISK
554,624,HP,1389.0,FHD,Intel,Core i7,512 GB,0 GB,0 GB,0 GB,Medio,2.7,Windows 10,8,Ultrabook,EliteBook 850
902,1155,HP,2171.72,FHD,Intel,Core i7,256 GB,0 GB,0 GB,0 GB,Medio,2.5,Windows 7,8,Ultrabook,EliteBook 850
890,425,Dell,539.95,WXGA,Intel,Core i5,0 GB,1 TB,0 GB,0 GB,Medio,2.5,Windows 10,8,Notebook,Inspiron 3567
697,449,Lenovo,1429.0,FHD,Intel,Core i5,256 GB,0 GB,0 GB,0 GB,Ligero,2.5,Windows 10,8,Ultrabook,ThinkPad X270
709,1227,Asus,2449.0,FHD,Intel,Core i7,256 GB,1 TB,0 GB,0 GB,Medio,2.8,Windows 10,16,Gaming,Rog Strix
130,683,MSI,1294.0,FHD,Intel,Core i7,256 GB,1 TB,0 GB,0 GB,Medio,2.8,Windows 10,16,Gaming,GP62 7RDX
972,714,Acer,999.0,FHD,Intel,Core i5,256 GB,0 GB,0 GB,0 GB,Medio,1.6,Windows 10,8,Convertible,Spin 5
333,789,Dell,3588.8,FHD,Intel,Core i7,1 TB,1 TB,0 GB,0 GB,Pesado,2.8,Windows 10,32,Gaming,Alienware 17
1142,535,Dell,585.0,FHD,Intel,Core i5,0 GB,500 GB,0 GB,0 GB,Medio,2.5,Windows 10,4,Notebook,Inspiron 3567
934,875,Dell,2240.0,Touch,Intel,Core i7,512 GB,0 GB,0 GB,0 GB,Ligero,2.5,Windows 10,16,Ultrabook,XPS 13
520,265,Dell,1142.0,FHD,Intel,Core i7,128 GB,1 TB,0 GB,0 GB,Pesado,1.8,Windows 10,8,Notebook,Inspiron 5770
1111,1059,HP,2103.34,FHD,Intel,Core i5,256 GB,500 GB,0 GB,0 GB,Medio,2.4,Windows 10,8,Notebook,EliteBook 850
256,338,Asus,1334.0,FHD,Intel,Core i7,256 GB,1 TB,0 GB,0 GB,Medio,2.7,Windows 10,8,Notebook,UX510UX-CN269T
156,605,Dell,1670.0,FHD,Intel,Core i5,256 GB,0 GB,0 GB,0 GB,Ligero,2.5,Windows 10,8,Convertible,Latitude 5289
305,279,Toshiba,812.0,WXGA,Intel,Core i7,0 GB,500 GB,0 GB,0 GB,Medio,2.5,Windows 10,8,Notebook,Satellite Pro
169,1117,Acer,209.0,WXGA,Intel,Celeron Dual Core,16 GB,0 GB,0 GB,0 GB,Medio,1.5,Chrome OS,4,Notebook,Chromebook 15
1254,969,Dell,3154.0,4K,Intel,Core i7,512 GB,1 TB,0 GB,0 GB,Pesado,2.8,Windows 10,16,Gaming,Alienware 17
1191,586,Dell,749.01,FHD,Intel,Core i7,256 GB,0 GB,0 GB,0 GB,Medio,2.7,Linux,8,Notebook,Inspiron 3567
437,255,Dell,819.0,FHD,Intel,Core i7,0 GB,1 TB,0 GB,0 GB,Medio,1.8,Windows 10,8,Convertible,Inspiron 5579
1177,1156,Lenovo,2440.0,QHD,Intel,Core i7,512 GB,0 GB,0 GB,0 GB,Pesado,2.6,Windows 10,16,Convertible,ThinkPad X1
377,636,Dell,1820.0,FHD,Intel,Core i7,256 GB,0 GB,0 GB,0 GB,Medio,2.8,Windows 10,8,Notebook,XPS 15
667,742,Lenovo,960.0,FHD,Intel,Core i5,256 GB,0 GB,0 GB,0 GB,Ligero,2.5,Windows 10,8,Notebook,ThinkPad 13
616,700,HP,1907.99,FHD,Intel,Core i7,0 GB,500 GB,0 GB,0 GB,Pesado,2.8,Windows 10,8,Workstation,ZBook 17
1103,771,Google,1559.0,Touch,Intel,Core i5,256 GB,0 GB,0 GB,0 GB,Ligero,1.2,Chrome OS,8,Ultrabook,Pixelbook
2,1013,HP,2089.0,FHD,Intel,Core i7,512 GB,0 GB,0 GB,0 GB,Ligero,2.7,Windows 10,8,Ultrabook,EliteBook 840
583,400,MSI,1349.0,FHD,Intel,Core i7,256 GB,0 GB,0 GB,0 GB,Pesado,2.8,Windows 10,8,Gaming,Leopard GP72M
1257,842,Lenovo,1186.0,FHD,Intel,Core i5,256 GB,0 GB,0 GB,0 GB,Medio,2.3,Windows 10,8,Notebook,Thinkpad T460
848,268,Dell,657.0,FHD,Intel,Core i5,0 GB,1 TB,0 GB,0 GB,Medio,2.5,Windows 10,4,Notebook,Vostro 3568
112,8,Apple,1158.7,Touch,Intel,Core i5,0 GB,0 GB,256 GB,0 GB,Ligero,1.8,macOS,8,Ultrabook,Macbook Air
1013,52,Acer,841.0,FHD,Intel,Core i7,256 GB,0 GB,0 GB,0 GB,Medio,1.8,Windows 10,8,Notebook,Aspire A515-51G
1203,446,Asus,559.0,FHD,Intel,Core i5,256 GB,0 GB,0 GB,0 GB,Medio,2.5,Linux,4,Notebook,VivoBook Max
1166,38,Dell,979.0,FHD,Intel,Core i5,128 GB,1 TB,0 GB,0 GB,Pesado,1.6,Windows 10,8,Notebook,Inspiron 5770
435,194,Lenovo,2824.0,QHD,Intel,Core i7,1 TB,0 GB,0 GB,0 GB,Ligero,2.7,Windows 10,16,Convertible,Thinkpad Yoga
633,721,Asus,298.0,FHD,Intel,Celeron Dual Core,0 GB,0 GB,32 GB,0 GB,Medio,1.1,Windows 10,4,Notebook,VivoBook E403NA
43,369,HP,639.0,FHD,Intel,Core i5,0 GB,1 TB,0 GB,0 GB,Medio,2.5,Windows 10,8,Notebook,250 G6
825,873,Toshiba,1285.0,FHD,Intel,Core i5,128 GB,0 GB,0 GB,0 GB,Ligero,2.5,Windows 10,4,Notebook,Portege X30-D-10X
329,306,Asus,2122.0,FHD,Intel,Core i7,256 GB,1 TB,0 GB,0 GB,Pesado,2.8,Windows 10,16,Gaming,Rog GL702VS-GC095T
602,1184,Lenovo,1390.0,FHD,Intel,Core i5,256 GB,0 GB,0 GB,0 GB,Medio,2.5,Windows 10,8,Notebook,ThinkPad T570
878,502,Lenovo,1099.0,WXGA,Intel,Core i5,180 GB,0 GB,0 GB,0 GB,Ligero,2.3,Windows 10,8,Ultrabook,Thinkpad X260
70,570,Lenovo,2999.0,FHD,Intel,Core i7,256 GB,0 GB,0 GB,0 GB,Pesado,2.8,Windows 10,8,Notebook,Thinkpad P71
770,87,Dell,1349.0,FHD,Intel,Core i7,128 GB,1 TB,0 GB,0 GB,Pesado,2.8,Windows 10,16,Gaming,Inspiron 7577
965,1200,Dell,895.01,FHD,Intel,Core i7,256 GB,0 GB,0 GB,0 GB,Medio,2.7,Linux,8,Notebook,Vostro 5568
570,698,Acer,375.0,WXGA,Intel,Celeron Dual Core,0 GB,0 GB,32 GB,0 GB,Ligero,1.6,Chrome OS,4,Notebook,Chromebook 14
282,1304,Lenovo,229.0,WXGA,Intel,Celeron Dual Core,0 GB,0 GB,64 GB,0 GB,Medio,1.6,Windows 10,2,Notebook,IdeaPad 100S-14IBR
7,234,HP,1269.0,FHD,Intel,Core i7,0 GB,1 TB,0 GB,0 GB,Medio,2.7,Windows 10,8,Notebook,ZBook 15u
120,148,Asus,1099.0,FHD,Intel,Core i7,256 GB,0 GB,0 GB,0 GB,Ligero,1.8,Windows 10,8,Ultrabook,ZenBook UX430UA
189,90,Asus,1449.0,FHD,Intel,Core i7,128 GB,1 TB,0 GB,0 GB,Medio,2.8,Windows 10,16,Gaming,FX503VM-E4007T
301,9,Asus,1495.0,FHD,Intel,Core i7,512 GB,0 GB,0 GB,0 GB,Ligero,1.8,Windows 10,16,Ultrabook,ZenBook UX430UN
490,11,HP,393.9,WXGA,Intel,Core i5,0 GB,500 GB,0 GB,0 GB,Medio,2.5,No OS,4,Notebook,250 G6
913,1299,Dell,805.99,WXGA,Intel,Core i7,0 GB,1 TB,0 GB,0 GB,Medio,2.7,Linux,8,Notebook,Inspiron 3567
296,682,HP,699.0,FHD,Intel,Core i3,128 GB,0 GB,0 GB,0 GB,Medio,2.4,Windows 10,4,Convertible,Pavilion X360
1078,1262,HP,1099.99,FHD,Intel,Core i5,256 GB,0 GB,0 GB,0 GB,Medio,2.3,Windows 7,4,Notebook,EliteBook 840
577,1126,Dell,769.15,WXGA,Intel,Core i5,0 GB,500 GB,0 GB,0 GB,Medio,2.3,Windows 7,4,Notebook,Vostro 3559
452,1129,Lenovo,549.0,Touch,Intel,Atom x5,0 GB,0 GB,64 GB,0 GB,Ligero,1.44,Android,4,Convertible,Yoga Book
841,1049,HP,1349.0,FHD,Intel,Core i7,256 GB,0 GB,0 GB,0 GB,Ligero,2.5,Windows 10,8,Ultrabook,EliteBook 820
356,431,Dell,2799.0,QHD,Intel,Core i7,256 GB,1 TB,0 GB,0 GB,Pesado,2.9,Windows 10,16,Gaming,Alienware 17
267,370,Lenovo,499.0,WXGA,Intel,Core i3,256 GB,0 GB,0 GB,0 GB,Medio,2.0,No OS,8,Notebook,IdeaPad 320-15ISK
425,1113,HP,500.0,WXGA,Intel,Pentium Quad Core,0 GB,1 TB,0 GB,0 GB,Medio,1.6,Windows 10,4,Notebook,250 G5
465,964,HP,2249.0,FHD,Intel,Core i7,8 GB,0 GB,0 GB,0 GB,Medio,2.7,Windows 10,8,Workstation,ZBook Studio
755,174,Huawei,1349.0,Touch,Intel,Core i5,256 GB,0 GB,0 GB,0 GB,Ligero,2.5,Windows 10,8,Ultrabook,MateBook X
754,207,Lenovo,1749.0,FHD,Intel,Core i7,512 GB,1 TB,0 GB,0 GB,Pesado,2.8,Windows 10,16,Gaming,Legion Y720-15IKB
598,1023,HP,684.0,WXGA,Intel,Core i3,0 GB,500 GB,0 GB,0 GB,Medio,2.4,Windows 10,4,Notebook,Probook 440
48,228,HP,794.0,FHD,Intel,Core i5,0 GB,1 TB,0 GB,0 GB,Medio,1.6,Windows 10,8,Notebook,ProBook 450
434,786,Acer,636.0,FHD,Intel,Core i3,128 GB,0 GB,0 GB,0 GB,Medio,2.4,Windows 10,4,Notebook,Swift 3
328,613,Toshiba,1399.0,FHD,Intel,Core i7,256 GB,0 GB,0 GB,0 GB,Medio,2.5,Windows 10,8,Notebook,Tecra Z50-C-144
1051,437,Samsung,269.0,WXGA,Intel,Celeron Dual Core,0 GB,0 GB,16 GB,0 GB,Ligero,1.6,Chrome OS,4,Netbook,Chromebook 3
248,163,Toshiba,447.0,WXGA,Intel,Core i3,0 GB,500 GB,0 GB,0 GB,Medio,2.2,Windows 10,4,Notebook,Satellite Pro
100,1003,Dell,1119.0,FHD,Intel,Core i5,128 GB,0 GB,0 GB,0 GB,Medio,2.5,Windows 10,8,Notebook,Latitude 5480
575,1214,Lenovo,368.0,WXGA,Intel,Core i3,0 GB,1 TB,0 GB,0 GB,Medio,2.0,No OS,4,Notebook,V110-15ISK
561,225,Dell,677.35,FHD,Intel,Core i5,256 GB,0 GB,0 GB,0 GB,Medio,1.6,Linux,8,Notebook,Inspiron 3576
814,1007,Lenovo,1349.0,FHD,Intel,Core i5,256 GB,0 GB,0 GB,0 GB,Medio,2.3,Windows 10,8,Notebook,ThinkPad T560
1028,63,Lenovo,599.0,FHD,Intel,Core i3,256 GB,0 GB,0 GB,0 GB,Medio,2.7,No OS,8,Notebook,IdeaPad 520S-14IKB
453,1001,Lenovo,1189.0,FHD,Intel,Core i7,128 GB,1 TB,0 GB,0 GB,Medio,2.8,Windows 10,8,Gaming,Legion Y520-15IKBN
68,619,Dell,443.9,WXGA,Intel,Core i3,0 GB,1 TB,0 GB,0 GB,Medio,2.0,Linux,4,Notebook,Vostro 3568
729,363,Dell,999.0,FHD,Intel,Core i5,0 GB,1 TB,0 GB,0 GB,Pesado,2.5,Windows 10,8,Gaming,Inspiron 7577
759,948,Toshiba,1105.0,FHD,Intel,Core i5,128 GB,0 GB,0 GB,0 GB,Ligero,2.3,Windows 10,4,Notebook,Tecra Z40-C-12X
359,751,Lenovo,999.0,FHD,Intel,Core i5,256 GB,0 GB,0 GB,0 GB,Medio,2.5,Windows 10,8,Convertible,Flex 5
493,445,Lenovo,2382.0,QHD,Intel,Core i7,512 GB,0 GB,0 GB,0 GB,Ligero,2.7,Windows 10,24,Ultrabook,ThinkPad T470s
692,13,Apple,2439.97,Touch,Intel,Core i7,256 GB,0 GB,0 GB,0 GB,Medio,2.8,macOS,16,Ultrabook,MacBook Pro
24,1174,MSI,1492.8,FHD,Intel,Core i7,256 GB,1 TB,0 GB,0 GB,Pesado,2.8,Windows 10,16,Gaming,GP72M 7REX
856,208,Dell,3055.0,4K,Intel,Xeon E3-1505M,256 GB,1 TB,0 GB,0 GB,Pesado,3.0,Windows 10,16,Workstation,Precision 7520
704,1310,Dell,379.0,WXGA,Intel,Celeron Dual Core,0 GB,500 GB,0 GB,0 GB,Medio,1.6,Windows 10,2,Notebook,Inspiron 3552
1171,1093,Lenovo,540.0,WXGA,Intel,Core i5,0 GB,500 GB,0 GB,0 GB,Medio,2.3,Windows 10,4,Notebook,V110-15ISK
354,216,Asus,1407.0,FHD,Intel,Core i7,256 GB,1 TB,0 GB,0 GB,Pesado,2.8,Windows 10,16,Gaming,ROG GL703VD-GC028T
590,844,Dell,2774.63,FHD,Intel,Core i7,256 GB,1 TB,0 GB,0 GB,Pesado,2.8,Windows 10,16,Gaming,Alienware 15
413,640,Lenovo,829.0,FHD,Intel,Core i5,256 GB,0 GB,0 GB,0 GB,Medio,1.6,Windows 10,4,Notebook,V330-15IKB
1157,99,Dell,485.0,FHD,Intel,Core i3,256 GB,0 GB,0 GB,0 GB,Medio,2.0,Linux,4,Notebook,Inspiron 3567
0,972,Dell,1268.0,Touch,Intel,Core i7,256 GB,0 GB,0 GB,0 GB,Ligero,2.5,Windows 10,8,Ultrabook,XPS 13
626,672,MSI,1486.77,FHD,Intel,Core i7,128 GB,1 TB,0 GB,0 GB,Pesado,2.8,Windows 10,8,Gaming,GP72VR Leopard
677,138,HP,988.0,FHD,Intel,Core i7,256 GB,0 GB,0 GB,0 GB,Medio,1.8,Windows 10,8,Notebook,Probook 440
637,73,Dell,955.0,FHD,Intel,Core i7,256 GB,0 GB,0 GB,0 GB,Ligero,1.8,Windows 10,8,Ultrabook,Inspiron 5370
1211,1069,HP,705.15,WXGA,Intel,Core i3,0 GB,500 GB,0 GB,0 GB,Medio,2.3,Windows 10,4,Notebook,ProBook 650
245,454,Dell,1993.0,FHD,Intel,Xeon E3-1505M,0 GB,1 TB,64 GB,0 GB,Medio,3.0,Windows 10,8,Workstation,Precision 3520
1094,1302,Lenovo,638.0,FHD,Intel,Core i7,128 GB,0 GB,0 GB,0 GB,Medio,2.5,Windows 10,4,Convertible,Yoga 500-14ISK
388,494,Dell,1899.0,FHD,Intel,Core i7,512 GB,0 GB,0 GB,0 GB,Medio,2.8,Windows 10,16,Notebook,XPS 15
1280,249,Lenovo,1079.0,FHD,Intel,Core i7,256 GB,0 GB,0 GB,0 GB,Ligero,2.7,Windows 10,8,Convertible,Yoga 910-13IKB
593,514,Acer,613.0,FHD,Intel,Core i5,0 GB,1 TB,0 GB,0 GB,Medio,1.6,Windows 10,4,Notebook,Aspire A515-51G-59QF
352,48,Asus,1299.0,FHD,AMD,Ryzen 1700,256 GB,1 TB,0 GB,0 GB,Pesado,3.0,Windows 10,8,Gaming,Rog Strix
955,14,Dell,498.9,FHD,Intel,Core i3,256 GB,0 GB,0 GB,0 GB,Medio,2.0,Windows 10,4,Notebook,Inspiron 3567
713,404,Lenovo,938.0,FHD,Intel,Core i5,256 GB,0 GB,0 GB,0 GB,Medio,2.5,Windows 10,8,Notebook,ThinkPad L470
379,348,HP,716.0,FHD,Intel,Core i3,0 GB,1 TB,0 GB,0 GB,Medio,2.4,Windows 10,8,Notebook,ProBook 450
16,589,HP,719.0,FHD,Intel,Core i3,128 GB,0 GB,0 GB,0 GB,Ligero,2.4,Windows 10,4,Notebook,ProBook 430
1005,1048,HP,1228.99,FHD,Intel,Core i7,256 GB,0 GB,0 GB,0 GB,Medio,2.5,Windows 10,8,Notebook,EliteBook 850
1053,450,Lenovo,349.0,FHD,Intel,Pentium Quad Core,128 GB,0 GB,0 GB,0 GB,Medio,1.1,Windows 10,4,Notebook,IdeaPad 320-15IAP
669,807,Lenovo,1349.0,FHD,Intel,Core i7,256 GB,0 GB,0 GB,0 GB,Ligero,2.7,Windows 10,8,Convertible,Yoga 910-13IKB
402,1077,Dell,989.99,FHD,Intel,Core i7,0 GB,2 TB,0 GB,0 GB,Medio,2.7,Windows 10,16,Notebook,Inspiron 5567
849,1211,Apple,1163.0,Touch,Intel,Core M 1,0 GB,0 GB,256 GB,0 GB,Ligero,1.1,Mac OS X,8,Ultrabook,"MacBook 12"""
323,5,Apple,1803.6,Touch,Intel,Core i5,256 GB,0 GB,0 GB,0 GB,Ligero,3.1,macOS,8,Ultrabook,MacBook Pro
615,1103,HP,615.0,Touch,Intel,Pentium Dual Core,0 GB,0 GB,32 GB,0 GB,Ligero,1.5,Chrome OS,4,Notebook,Chromebook 13
389,580,Lenovo,830.0,FHD,Intel,Core i5,256 GB,0 GB,0 GB,0 GB,Medio,2.5,Windows 10,8,Notebook,Thinkpad E570
1084,409,Lenovo,1144.5,FHD,Intel,Core i5,256 GB,1 TB,0 GB,0 GB,Medio,1.6,Windows 10,8,Notebook,ThinkPad E580
1261,317,MSI,2099.0,FHD,Intel,Core i7,256 GB,1 TB,0 GB,0 GB,Pesado,2.8,Windows 10,16,Gaming,GE63VR 7RF
562,863,Dell,865.0,FHD,Intel,Core i7,0 GB,1 TB,0 GB,0 GB,Pesado,2.7,Linux,8,Notebook,Inspiron 5767
768,392,Lenovo,549.0,FHD,Intel,Core i3,128 GB,0 GB,0 GB,0 GB,Medio,2.4,Windows 10,4,Notebook,Ideapad 510S-13IKB
164,349,Lenovo,2099.0,4K,Intel,Core i7,512 GB,0 GB,0 GB,0 GB,Ligero,1.8,Windows 10,16,Convertible,Yoga 920-13IKB
525,847,Lenovo,325.0,WXGA,Intel,Celeron Quad Core,0 GB,0 GB,16 GB,0 GB,Medio,1.6,Chrome OS,4,Notebook,N42-20 Chromebook
134,42,Dell,1499.0,FHD,Intel,Core i7,256 GB,1 TB,0 GB,0 GB,Pesado,2.8,Windows 10,16,Gaming,Inspiron 7577
743,541,Asus,1649.0,FHD,Intel,Core i5,128 GB,1 TB,0 GB,0 GB,Medio,2.5,Windows 10,8,Gaming,ROG Strix
821,557,Lenovo,499.0,FHD,Intel,Core i3,128 GB,0 GB,0 GB,0 GB,Medio,2.0,Windows 10,4,Notebook,IdeaPad 320-15ISK
836,937,Toshiba,1975.0,FHD,Intel,Core i7,256 GB,0 GB,0 GB,0 GB,Medio,2.6,Windows 10,16,Notebook,Tecra Z50-C-140
824,462,Dell,479.0,WXGA,Intel,Pentium Quad Core,0 GB,500 GB,0 GB,0 GB,Ligero,1.6,Windows 10,4,Convertible,Inspiron 3168
464,987,Toshiba,1180.0,FHD,Intel,Core i5,256 GB,0 GB,0 GB,0 GB,Medio,2.3,Windows 10,8,Notebook,Tecra A40-C-1DF
410,779,Dell,1181.27,FHD,Intel,Core i7,256 GB,0 GB,0 GB,0 GB,Medio,2.7,Windows 10,16,Notebook,Inspiron 5567
1302,403,Lenovo,1229.56,FHD,Intel,Core i7,256 GB,0 GB,0 GB,0 GB,Medio,1.8,Windows 10,8,Notebook,ThinkPad E580
129,892,HP,684.8,WXGA,Intel,Core i5,0 GB,500 GB,0 GB,0 GB,Medio,2.5,Windows 10,4,Convertible,Pavilion x360
700,1140,Lenovo,1669.0,FHD,Intel,Core i7,256 GB,0 GB,0 GB,0 GB,Medio,2.5,Windows 10,8,Convertible,ThinkPad Yoga
127,743,Lenovo,779.0,FHD,Intel,Core i7,0 GB,1 TB,0 GB,0 GB,Medio,2.7,Windows 10,4,Notebook,V310-15IKB
1228,304,Asus,1468.0,FHD,Intel,Core i7,512 GB,0 GB,0 GB,0 GB,Medio,2.7,Windows 10,16,Ultrabook,ZenBook UX530UQ-PRO
203,195,Vero,260.0,FHD,Intel,Celeron Dual Core,0 GB,0 GB,32 GB,0 GB,Ligero,1.1,Windows 10,4,Notebook,K147
262,334,HP,1335.0,FHD,Intel,Core i7,256 GB,0 GB,0 GB,0 GB,Ligero,2.7,Windows 10,8,Ultrabook,Elitebook 820
883,986,Dell,2800.0,FHD,Intel,Core i7,256 GB,1 TB,0 GB,0 GB,Pesado,2.6,Windows 10,32,Gaming,Alienware 17
976,793,Lenovo,2299.0,FHD,Intel,Core i7,512 GB,0 GB,0 GB,0 GB,Medio,2.7,Windows 10,16,Ultrabook,ThinkPad T470s
484,1207,Acer,2599.0,FHD,Intel,Core i7,256 GB,1 TB,0 GB,0 GB,Pesado,2.8,Windows 10,16,Gaming,Predator G9-793
148,440,Lenovo,2445.0,4K,Intel,Core i7,512 GB,0 GB,0 GB,0 GB,Medio,2.8,Windows 10,16,Workstation,Thinkpad T570
893,707,HP,689.0,FHD,Intel,Core i7,0 GB,500 GB,0 GB,0 GB,Medio,2.7,Windows 10,4,Notebook,15-bs011nv
798,86,Acer,395.0,WXGA,AMD,A9-Series,0 GB,1 TB,0 GB,0 GB,Medio,3.0,Windows 10,4,Notebook,Aspire 3
219,354,Asus,375.0,WXGA,Intel,Celeron Dual Core,0 GB,0 GB,32 GB,0 GB,Medio,1.1,Windows 10,4,Convertible,VivoBook Flip
969,218,Lenovo,549.0,FHD,Intel,Core i5,256 GB,0 GB,0 GB,0 GB,Medio,2.5,No OS,8,Notebook,IdeaPad 320-15IKBN
1046,467,Acer,544.0,FHD,Intel,Core i3,0 GB,1 TB,0 GB,0 GB,Medio,2.0,Windows 10,4,Notebook,Aspire E5-576G
252,618,Dell,879.01,FHD,Intel,Core i7,0 GB,1 TB,0 GB,0 GB,Pesado,2.6,Windows 10,16,Gaming,Inspiron 7559
796,692,Lenovo,1499.0,FHD,Intel,Core i7,512 GB,0 GB,0 GB,0 GB,Ligero,1.8,Windows 10,8,Convertible,Yoga 730
220,335,Dell,2639.0,4K,Intel,Core i7,1 TB,0 GB,0 GB,0 GB,Medio,2.8,Windows 10,32,Notebook,XPS 15
882,126,HP,1271.0,FHD,Intel,Core i7,512 GB,0 GB,0 GB,0 GB,Medio,1.8,Windows 10,16,Notebook,Probook 470
1016,832,MSI,1199.0,FHD,Intel,Core i5,256 GB,0 GB,0 GB,0 GB,Medio,2.5,Windows 10,8,Gaming,GL62M 7RD
403,377,Acer,426.0,WXGA,AMD,A9-Series,128 GB,0 GB,0 GB,0 GB,Medio,3.0,Windows 10,4,Notebook,Aspire 3
292,904,Lenovo,1799.0,FHD,Intel,Core i5,256 GB,0 GB,0 GB,0 GB,Ligero,2.5,Windows 10,8,Ultrabook,ThinkPad T470s
571,1178,Lenovo,1499.0,FHD,Intel,Core i7,256 GB,0 GB,0 GB,0 GB,Medio,2.6,Windows 7,8,Ultrabook,ThinkPad T460
360,266,Lenovo,444.0,FHD,Intel,Core i3,256 GB,0 GB,0 GB,0 GB,Medio,2.0,No OS,4,Notebook,IdeaPad 320-15ISK
1026,215,Acer,779.0,FHD,Intel,Core i7,0 GB,1 TB,0 GB,0 GB,Medio,2.8,Linux,8,Notebook,Aspire 7
141,777,Samsung,1599.0,FHD,Intel,Core i7,256 GB,0 GB,0 GB,0 GB,Ligero,2.7,Windows 10,8,Ultrabook,Notebook 9
1065,177,Toshiba,489.0,WXGA,Intel,Core i3,0 GB,500 GB,0 GB,0 GB,Medio,2.4,Windows 10,4,Notebook,Satellite Pro
471,543,Dell,797.41,FHD,Intel,Core i5,256 GB,0 GB,0 GB,0 GB,Medio,1.6,Windows 10,8,Notebook,Inspiron 5570
1017,988,Asus,2049.9,FHD,Intel,Core i7,256 GB,1 TB,0 GB,0 GB,Pesado,2.8,Windows 10,16,Gaming,Rog Strix
600,383,Dell,309.0,WXGA,Intel,Celeron Dual Core,0 GB,500 GB,0 GB,0 GB,Medio,1.6,Windows 10,4,Notebook,Inspiron 3552
1011,1233,Acer,174.0,WXGA,Intel,Celeron Dual Core,32 GB,0 GB,0 GB,0 GB,Ligero,1.5,Chrome OS,2,Netbook,C740-C9QX
643,390,Asus,1748.9,FHD,Intel,Core i7,512 GB,0 GB,0 GB,0 GB,Ligero,2.7,Windows 10,16,Ultrabook,Zenbook Flip
553,1108,Dell,818.35,FHD,Intel,Core i5,256 GB,0 GB,0 GB,0 GB,Ligero,1.6,Windows 10,4,Ultrabook,Inspiron 5370
1086,310,Lenovo,359.99,WXGA,Intel,Pentium Quad Core,0 GB,1 TB,0 GB,0 GB,Medio,1.1,No OS,4,Notebook,IdeaPad 320-15IAP
1059,623,Dell,569.0,FHD,Intel,Core i5,128 GB,0 GB,0 GB,0 GB,Medio,2.5,Linux,4,Notebook,Vostro 3568
288,489,HP,726.0,FHD,Intel,Core i5,128 GB,0 GB,0 GB,0 GB,Ligero,1.6,Windows 10,4,Notebook,ProBook 430
230,1169,HP,297.0,WXGA,AMD,E-Series,0 GB,500 GB,0 GB,0 GB,Medio,1.8,Windows 10,4,Notebook,15-BA015wm
611,1028,HP,800.0,WXGA,Intel,Core i3,0 GB,500 GB,0 GB,0 GB,Ligero,2.4,Windows 10,4,Notebook,Probook 430
911,236,HP,330.0,WXGA,AMD,E-Series,0 GB,500 GB,0 GB,0 GB,Medio,1.5,Windows 10,4,Notebook,15-rb013nv
1212,607,HP,1219.0,FHD,Intel,Core i7,256 GB,0 GB,0 GB,0 GB,Medio,2.7,Windows 10,8,Notebook,EliteBook 850
1139,961,Lenovo,685.0,FHD,Intel,Core i7,0 GB,1 TB,0 GB,0 GB,Medio,2.7,No OS,8,Notebook,IdeaPad 310-15IKB
1226,238,Dell,859.0,FHD,Intel,Core i5,256 GB,0 GB,0 GB,0 GB,Medio,2.5,Windows 10,8,Notebook,Vostro 5468
418,1036,HP,1149.0,FHD,Intel,Core i5,256 GB,0 GB,0 GB,0 GB,Ligero,2.5,Windows 10,8,Notebook,Spectre 13-V100nv
162,805,Asus,299.0,WXGA,Intel,Celeron Dual Core,0 GB,0 GB,32 GB,0 GB,Medio,1.1,Windows 10,4,Notebook,R417NA-RS01
49,436,Mediacom,299.0,FHD,Intel,Celeron Dual Core,32 GB,0 GB,0 GB,0 GB,Ligero,1.1,Windows 10,4,Convertible,FlexBook Edge
980,217,HP,349.0,FHD,Intel,Core i3,0 GB,500 GB,0 GB,0 GB,Medio,2.0,No OS,4,Notebook,15-bs018nq
970,1073,MSI,1819.0,FHD,Intel,Core i7,256 GB,1 TB,0 GB,0 GB,Pesado,2.6,Windows 10,16,Gaming,GT62VR 6RD
367,66,HP,690.0,FHD,Intel,Core i5,256 GB,0 GB,0 GB,0 GB,Medio,2.5,Windows 10,8,Notebook,250 G6
239,12,HP,344.99,FHD,Intel,Core i3,0 GB,500 GB,0 GB,0 GB,Medio,2.0,No OS,4,Notebook,250 G6
778,1167,Lenovo,2339.0,QHD,Intel,Core i7,256 GB,0 GB,0 GB,0 GB,Ligero,2.5,Windows 10,8,Convertible,ThinkPad X1
17,1138,Dell,523.63,WXGA,Intel,Core i5,0 GB,500 GB,0 GB,0 GB,Medio,2.3,Linux,4,Notebook,Latitude E5570
784,1120,Dell,1413.1,WXGA,Intel,Core i5,256 GB,0 GB,0 GB,0 GB,Medio,2.3,Windows 7,8,Ultrabook,Latitude E5270
1121,160,Asus,1315.0,FHD,Intel,Core i5,256 GB,0 GB,0 GB,0 GB,Ligero,1.6,Windows 10,8,Convertible,ZenBook Flip
422,21,Asus,191.9,WXGA,Intel,Atom x5,0 GB,0 GB,32 GB,0 GB,Ligero,1.44,Windows 10,2,Netbook,Vivobook E200HA
1042,435,HP,1999.0,FHD,Intel,Core i7,256 GB,1 TB,0 GB,0 GB,Pesado,2.8,Windows 10,12,Gaming,Omen 17-w207nv
842,812,Dell,1749.0,4K,Intel,Core i5,256 GB,0 GB,0 GB,0 GB,Medio,2.5,Windows 10,8,Notebook,XPS 15
1260,829,Lenovo,489.9,WXGA,Intel,Core i3,0 GB,500 GB,0 GB,0 GB,Medio,2.0,Windows 10,4,Notebook,V110-15ISK
460,809,HP,2064.9,FHD,Intel,Core i7,256 GB,0 GB,0 GB,0 GB,Pesado,2.8,Windows 10,8,Workstation,ZBook 17
985,100,Asus,577.0,FHD,Intel,Core i3,256 GB,0 GB,0 GB,0 GB,Medio,2.4,Windows 10,6,Notebook,X541UV-DM1439T
614,1196,MSI,2153.37,FHD,Intel,Core i7,128 GB,1 TB,0 GB,0 GB,Medio,2.6,Windows 10,16,Gaming,GS60 Ghost
176,630,Fujitsu,799.0,WXGA,Intel,Core i5,256 GB,0 GB,0 GB,0 GB,Medio,2.5,Windows 10,8,Notebook,LifeBook A557
167,107,Microsoft,1340.0,Touch,Intel,Core i5,256 GB,0 GB,0 GB,0 GB,Ligero,2.5,Windows 10 S,8,Ultrabook,Surface Laptop
78,575,Lenovo,344.0,FHD,Intel,Pentium Quad Core,0 GB,500 GB,0 GB,0 GB,Medio,1.1,Windows 10,4,Notebook,IdeaPad 320-15IAP
1201,516,Lenovo,1149.0,FHD,Intel,Core i7,256 GB,1 TB,0 GB,0 GB,Medio,2.8,No OS,8,Gaming,Legion Y520-15IKBN
676,252,Asus,2999.0,FHD,Intel,Core i7,256 GB,0 GB,0 GB,0 GB,Pesado,2.9,Windows 10,16,Gaming,Rog G701VIK-BA060T
1131,367,Asus,945.0,FHD,Intel,Core i5,256 GB,0 GB,0 GB,0 GB,Medio,2.5,Windows 10,8,Notebook,Zenbook UX410UA-GV027T
1220,1236,Lenovo,1272.0,FHD,Intel,Core i7,128 GB,1 TB,0 GB,0 GB,Pesado,2.6,Windows 10,8,Gaming,IdeaPad Y700-15ISK
511,1314,HP,209.0,WXGA,Intel,Celeron Dual Core,0 GB,0 GB,32 GB,0 GB,Ligero,1.6,Windows 10,2,Netbook,Stream 11-Y000na
1050,1270,Lenovo,569.0,FHD,Intel,Core i3,128 GB,0 GB,0 GB,0 GB,Medio,2.3,Windows 10,6,Notebook,IdeaPad 310-15ISK
574,16,Apple,1518.55,Touch,Intel,Core i5,256 GB,0 GB,0 GB,0 GB,Ligero,2.3,macOS,8,Ultrabook,MacBook Pro
1108,1114,Asus,2299.0,FHD,Intel,Core i7,128 GB,1 TB,0 GB,0 GB,Pesado,2.6,Windows 10,16,Gaming,G752VY-GC162T
331,993,Asus,1749.0,FHD,Intel,Core i7,256 GB,1 TB,0 GB,0 GB,Pesado,2.8,Windows 10,16,Gaming,Rog GL753VE-DS74
380,768,Acer,599.0,WXGA,Intel,Core i5,256 GB,0 GB,0 GB,0 GB,Medio,2.5,Windows 10,4,Notebook,Aspire 3
94,835,Asus,1358.0,FHD,Intel,Core i5,256 GB,0 GB,0 GB,0 GB,Ligero,2.5,Windows 10,8,Convertible,ZenBook Flip
1091,831,Lenovo,2499.0,FHD,Intel,Core i7,512 GB,0 GB,0 GB,0 GB,Ligero,2.7,Windows 10,8,Ultrabook,Thinkpad X1
533,673,Toshiba,498.0,WXGA,Intel,Core i3,128 GB,0 GB,0 GB,0 GB,Medio,2.1,Windows 10,4,Notebook,Satellite Pro
1093,47,Lenovo,369.0,WXGA,Intel,Core i3,128 GB,0 GB,0 GB,0 GB,Medio,2.0,No OS,4,Notebook,IdeaPad 320-15ISK
31,88,HP,699.0,FHD,Intel,Core i7,256 GB,0 GB,0 GB,0 GB,Medio,1.8,Windows 10,8,Ultrabook,Pavilion 15-CK000nv
522,96,Asus,1049.0,FHD,Intel,Core i7,256 GB,0 GB,0 GB,0 GB,Ligero,2.7,Windows 10,8,Ultrabook,Zenbook UX430UA
470,788,Asus,581.9,FHD,Intel,Pentium Dual Core,128 GB,0 GB,0 GB,0 GB,Medio,1.1,Windows 10,8,Notebook,Vivobook Max
950,240,Dell,899.0,FHD,Intel,Core i7,256 GB,0 GB,0 GB,0 GB,Medio,2.7,Linux,16,Notebook,Inspiron 5567
1165,967,Asus,1159.0,FHD,Intel,Core M M7,0 GB,0 GB,64 GB,0 GB,Ligero,1.2,Chrome OS,8,Convertible,Chromebook Flip
1170,1151,HP,3949.4,FHD,Intel,Core i7,256 GB,0 GB,0 GB,0 GB,Pesado,2.6,Windows 7,8,Workstation,ZBook 17
735,458,Dell,1975.0,FHD,Intel,Core i7,256 GB,0 GB,0 GB,0 GB,Medio,2.7,Windows 10,16,Workstation,Precision 3520
523,112,Lenovo,1480.0,FHD,Intel,Core i7,256 GB,0 GB,0 GB,0 GB,Medio,2.7,Windows 10,8,Notebook,Thinkpad T470
681,1170,Lenovo,599.0,FHD,Intel,Core i5,0 GB,1 TB,0 GB,0 GB,Medio,2.3,No OS,8,Notebook,B51-80
694,754,Samsung,1649.0,FHD,Intel,Core i7,256 GB,0 GB,0 GB,0 GB,Ligero,2.7,Windows 10,16,Ultrabook,Notebook 9
728,15,Apple,1262.4,Touch,Intel,Core M m3,256 GB,0 GB,0 GB,0 GB,Ligero,1.2,macOS,8,Ultrabook,"MacBook 12"""
932,30,HP,896.0,FHD,Intel,Core i5,0 GB,1 TB,0 GB,0 GB,Medio,1.6,Windows 10,8,Notebook,ProBook 470
873,340,Asus,999.0,FHD,Intel,Core i7,256 GB,0 GB,0 GB,0 GB,Medio,2.8,Windows 10,8,Gaming,FX553VD-FY647T
144,199,HP,914.0,FHD,Intel,Core i5,0 GB,1 TB,0 GB,0 GB,Medio,1.6,Windows 10,8,Notebook,ProBook 470
378,614,Lenovo,564.0,FHD,Intel,Core i5,0 GB,1 TB,0 GB,0 GB,Medio,2.5,Windows 10,6,Notebook,IdeaPad 310-15IKB
982,251,HP,559.0,WXGA,Intel,Core i5,0 GB,1 TB,0 GB,0 GB,Medio,2.5,Windows 10,8,Notebook,15-bs015dx
341,533,Lenovo,799.0,FHD,Intel,Core i7,0 GB,1 TB,0 GB,0 GB,Medio,2.7,Windows 10,4,Notebook,IdeaPad 320-15IKB
311,276,Asus,1549.0,FHD,AMD,Ryzen 1700,256 GB,1 TB,0 GB,0 GB,Pesado,3.0,Windows 10,16,Gaming,Rog Strix
953,852,HP,910.0,Touch,Intel,Core i5,0 GB,1 TB,0 GB,0 GB,Pesado,2.5,Windows 10,8,Notebook,ProBook 470
232,671,HP,539.0,FHD,Intel,Core i3,0 GB,1 TB,0 GB,0 GB,Medio,2.0,Windows 10,6,Notebook,15-ay047nv
983,1006,Lenovo,270.62,WXGA,Intel,Celeron Dual Core,128 GB,0 GB,0 GB,0 GB,Medio,1.1,No OS,4,Notebook,V110-15IAP
165,1090,Lenovo,659.0,Touch,Intel,Core i5,0 GB,0 TB,0 GB,0 GB,Pesado,2.3,Windows 10,8,Notebook,IdeaPad 300-17ISK
538,711,Lenovo,621.45,FHD,Intel,Core i5,0 GB,1 TB,0 GB,0 GB,Medio,2.5,Windows 10,4,Notebook,V310-15IKB
1096,201,HP,959.0,FHD,Intel,Core i5,512 GB,0 GB,0 GB,0 GB,Ligero,1.6,Windows 10,8,Notebook,ProBook 430
449,271,Asus,1499.0,FHD,Intel,Core i7,512 GB,0 GB,0 GB,0 GB,Ligero,1.8,Windows 10,8,Convertible,ZenBook Flip
1290,297,HP,489.0,Touch,Intel,Core i3,0 GB,1 TB,0 GB,0 GB,Pesado,2.0,Windows 10,8,Notebook,17-BS037cl
665,139,Lenovo,252.36,WXGA,Intel,Celeron Dual Core,0 GB,1 TB,0 GB,0 GB,Medio,1.1,No OS,4,Notebook,V110-15IAP
693,182,Lenovo,813.0,FHD,Intel,Core i5,128 GB,1 TB,0 GB,0 GB,Medio,2.5,Windows 10,8,Notebook,V310-15IKB
270,695,Dell,545.67,WXGA,Intel,Core i3,0 GB,1 TB,0 GB,0 GB,Medio,2.0,Windows 10,4,Notebook,Inspiron 3567
519,451,HP,1099.0,FHD,Intel,Core i7,128 GB,1 TB,0 GB,0 GB,Medio,2.8,Windows 10,8,Gaming,Omen 15-AX205na
710,975,Lenovo,1760.0,FHD,Intel,Core i5,256 GB,0 GB,0 GB,0 GB,Ligero,2.6,Windows 10,8,Ultrabook,ThinkPad X270
236,84,HP,860.0,FHD,Intel,Core i5,256 GB,0 GB,0 GB,0 GB,Medio,1.6,Windows 10,8,Notebook,ProBook 440
1194,277,Dell,735.07,FHD,Intel,Core i7,256 GB,0 GB,0 GB,0 GB,Medio,1.8,Linux,8,Notebook,Inspiron 3576
1075,1055,Vero,210.8,WXGA,Intel,Atom X5,0 GB,0 GB,32 GB,0 GB,Ligero,1.44,Windows 10,2,Notebook,V142
498,1144,HP,1129.0,FHD,Intel,Core i5,128 GB,1 TB,0 GB,0 GB,Pesado,2.3,Windows 10,8,Gaming,Omen -
135,513,Asus,1224.0,FHD,Intel,Core i7,256 GB,1 TB,0 GB,0 GB,Medio,2.7,Windows 10,8,Notebook,ZenBook UX510UX-CN211T
1241,307,Lenovo,649.0,Touch,Intel,Core i5,0 GB,1 TB,0 GB,0 GB,Pesado,2.5,Windows 10,6,Notebook,IdeaPad 320-17IKB
67,945,HP,1579.0,FHD,Intel,Core i5,0 GB,500 GB,0 GB,0 GB,Ligero,2.3,Windows 10,4,Ultrabook,EliteBook 820
964,562,Asus,224.0,WXGA,Intel,Celeron Dual Core,0 GB,500 GB,0 GB,0 GB,Medio,1.1,Linux,4,Notebook,A541NA-GO342
39,374,Dell,899.0,FHD,Intel,Core i7,256 GB,0 GB,0 GB,0 GB,Medio,2.7,Windows 10,8,Notebook,Inspiron 5567
703,158,HP,619.0,FHD,Intel,Core i5,256 GB,0 GB,0 GB,0 GB,Medio,1.6,Windows 10,6,Notebook,15-BS103nv
568,960,Dell,1472.2,FHD,Intel,Core i5,256 GB,0 GB,0 GB,0 GB,Ligero,2.5,Windows 10,8,Ultrabook,Latitude 7280
563,730,Lenovo,1499.0,FHD,Intel,Core i5,256 GB,0 GB,0 GB,0 GB,Ligero,2.5,Windows 10,8,Ultrabook,ThinkPad T470s
591,802,Lenovo,959.0,FHD,Intel,Core i5,256 GB,0 GB,0 GB,0 GB,Medio,2.5,Windows 10,8,Convertible,Yoga 510-15IKB
921,250,Dell,985.0,FHD,Intel,Core i7,128 GB,2 TB,0 GB,0 GB,Medio,1.8,Windows 10,8,Notebook,Inspiron 5570
481,71,Asus,949.0,FHD,Intel,Core i7,0 GB,1 TB,0 GB,0 GB,Pesado,2.8,Linux,12,Gaming,FX753VE-GC093
1140,663,Toshiba,1064.0,FHD,Intel,Core i5,0 GB,500 GB,0 GB,0 GB,Medio,2.5,Windows 10,8,Notebook,Tecra A50-D-11M
249,483,Dell,2408.0,FHD,Intel,Core i7,256 GB,0 GB,0 GB,0 GB,Medio,2.8,Windows 10,8,Workstation,Precision M5520
510,135,Acer,884.0,FHD,Intel,Core i7,256 GB,0 GB,0 GB,0 GB,Medio,1.8,Windows 10,8,Ultrabook,Swift 3
455,1250,Dell,469.01,WXGA,Intel,Core i3,0 GB,1 TB,0 GB,0 GB,Medio,2.4,Windows 10,8,Notebook,Inspiron 3567
767,977,Toshiba,1790.0,FHD,Intel,Core i7,512 GB,0 GB,0 GB,0 GB,Ligero,2.7,Windows 10,8,Ultrabook,Portege X20W-D-10V
225,1127,Lenovo,429.0,WXGA,Intel,Core i3,128 GB,0 GB,0 GB,0 GB,Medio,2.0,Windows 10,4,Notebook,V110-15ISK
963,773,Dell,849.0,WXGA,Intel,Core i3,0 GB,500 GB,0 GB,0 GB,Medio,2.0,Windows 10,4,Notebook,Latitude 3380
208,1288,Lenovo,638.0,FHD,Intel,Core i7,128 GB,0 GB,0 GB,0 GB,Medio,2.5,Windows 10,4,Convertible,Yoga 500-14ISK
150,58,Asus,586.19,WXGA,Intel,Core i5,256 GB,0 GB,0 GB,0 GB,Medio,2.5,Windows 10,4,Notebook,VivoBook Max
850,530,HP,689.0,WXGA,Intel,Core i3,128 GB,0 GB,0 GB,0 GB,Medio,2.0,Windows 10,4,Notebook,ProBook 440
196,680,Lenovo,1034.0,FHD,Intel,Core i5,256 GB,0 GB,0 GB,0 GB,Ligero,2.5,Windows 10,8,Convertible,Yoga 720-13IKB
1031,981,HP,685.0,FHD,Intel,Core i3,0 GB,500 GB,0 GB,0 GB,Medio,2.4,Windows 10,4,Notebook,ProBook 450
597,1179,MSI,1769.0,FHD,Intel,Core i7,256 GB,1 TB,0 GB,0 GB,Medio,2.6,Windows 10,16,Gaming,GS40 Phantom
105,978,HP,846.5,WXGA,Intel,Core i5,0 GB,1 TB,0 GB,0 GB,Medio,2.5,Windows 10,8,Notebook,ProBook 450
646,415,Lenovo,409.0,FHD,Intel,Core i3,0 GB,500 GB,0 GB,0 GB,Medio,2.0,Windows 10,4,Notebook,IdeaPad 320-15ISK
843,887,Asus,398.99,WXGA,Intel,Pentium Quad Core,0 GB,1 TB,0 GB,0 GB,Medio,1.1,Linux,4,Notebook,X541NA-GO121
303,380,Dell,869.01,FHD,Intel,Core i7,256 GB,0 GB,0 GB,0 GB,Medio,1.8,Windows 10,8,Convertible,Inspiron 5379
1,1085,Dell,481.98,WXGA,Intel,Core i3,0 GB,500 GB,0 GB,0 GB,Medio,2.3,Windows 10,4,Notebook,Latitude 3570
815,1294,Dell,459.0,WXGA,Intel,Core i3,0 GB,1 TB,0 GB,0 GB,Medio,2.4,Windows 10,6,Notebook,Inspiron 3567
444,421,Asus,928.0,FHD,Intel,Core i5,256 GB,0 GB,0 GB,0 GB,Ligero,2.5,Windows 10,8,Convertible,ZenBook Flip
1149,505,Lenovo,949.0,FHD,Intel,Core i3,256 GB,0 GB,0 GB,0 GB,Ligero,2.4,Windows 10,8,Notebook,ThinkPad 13
678,262,HP,1059.0,FHD,Intel,Core i7,0 GB,1 TB,0 GB,0 GB,Pesado,1.8,Windows 10,16,Notebook,Envy 17-U275cl
271,1150,Lenovo,1099.0,FHD,Intel,Core i7,0 GB,0 GB,0 GB,0 TB,Medio,2.5,Windows 10,16,Notebook,IdeaPad 500-15ISK
607,746,MSI,2094.48,FHD,Intel,Core i7,256 GB,1 TB,0 GB,0 GB,Medio,2.8,Windows 10,16,Gaming,GS63VR 7RF
731,190,Dell,2397.0,4K,Intel,Core i7,512 GB,0 GB,0 GB,0 GB,Medio,2.8,Windows 10,16,Notebook,XPS 15
642,296,Asus,1187.0,FHD,Intel,Core i7,0 GB,1 TB,0 GB,0 GB,Pesado,2.8,Windows 10,8,Gaming,FX753VD-GC071T
121,95,Dell,1195.0,FHD,Intel,Core i5,256 GB,0 GB,0 GB,0 GB,Pesado,2.5,Windows 10,8,Gaming,Inspiron 7577
499,140,Asus,938.0,FHD,Intel,Core i5,128 GB,1 TB,0 GB,0 GB,Pesado,2.5,Windows 10,8,Gaming,FX753VD-GC086T
997,1301,Asus,720.32,WXGA,Intel,Core i7,0 GB,500 GB,0 GB,0 GB,Medio,2.5,Windows 10,4,Notebook,X556UJ-XO044T
1270,708,Dell,819.0,FHD,Intel,Core i5,0 GB,1 TB,0 GB,0 GB,Pesado,2.5,Windows 10,8,Gaming,Inspiron 5577
1301,674,Dell,955.0,FHD,Intel,Core i5,0 GB,1 TB,0 GB,0 GB,Medio,2.5,Windows 10,8,Notebook,Latitude 3580
344,1183,Dell,1498.0,4K,Intel,Core i7,128 GB,1 TB,0 GB,0 GB,Pesado,2.8,Windows 10,8,Gaming,Inspiron 7567
748,647,Dell,2399.0,4K,Intel,Core i7,1 TB,0 GB,0 GB,0 GB,Medio,2.8,Windows 10,16,Notebook,XPS 15
786,466,HP,639.9,Touch,Intel,Core i3,256 GB,0 GB,0 GB,0 GB,Medio,2.0,Windows 10,8,Notebook,17-BS092ND
163,1208,Lenovo,819.0,FHD,Intel,Core i5,0 GB,1 TB,0 GB,0 GB,Medio,2.5,Windows 10,8,Gaming,Legion Y520-15IKBN
187,469,Asus,749.0,FHD,Intel,Core i5,0 GB,1 TB,0 GB,0 GB,Medio,2.5,Windows 10,8,Notebook,Pro P2540UA-AB51
550,1275,Dell,490.0,WXGA,Intel,Core i3,0 GB,500 GB,0 GB,0 GB,Medio,2.0,Windows 10,4,Notebook,Vostro 3568
696,147,HP,369.0,WXGA,AMD,A6-Series,256 GB,0 GB,0 GB,0 GB,Medio,2.5,Windows 10,4,Notebook,255 G6
1294,1210,HP,485.0,WXGA,Intel,Core i5,0 GB,500 GB,0 GB,0 GB,Medio,2.5,Windows 10,4,Notebook,250 G6
1113,67,Asus,1983.0,FHD,Intel,Core i7,512 GB,0 GB,0 GB,0 GB,Medio,2.8,Windows 10,16,Ultrabook,ZenBook Pro
1186,856,HP,615.0,WXGA,Intel,Celeron Dual Core,0 GB,0 GB,32 GB,0 GB,Ligero,1.1,Chrome OS,4,Convertible,Chromebook X360
174,722,Dell,1426.66,FHD,Intel,Core i5,512 GB,0 GB,0 GB,0 GB,Medio,2.6,Windows 10,16,Notebook,Latitude 5580
1195,1160,HP,1629.0,FHD,Intel,Core i5,256 GB,0 GB,0 GB,0 GB,Ligero,2.4,Windows 10,8,Convertible,Spectre Pro
576,747,Acer,410.8,WXGA,Intel,Core i3,0 GB,500 GB,0 GB,0 GB,Medio,2.0,Windows 10,4,Notebook,Aspire ES1-572
57,544,HP,398.99,FHD,Intel,Pentium Quad Core,256 GB,0 GB,0 GB,0 GB,Medio,1.6,Windows 10,4,Notebook,250 G6
569,1029,Toshiba,1210.0,WXGA,Intel,Core i5,256 GB,0 GB,0 GB,0 GB,Medio,2.3,Windows 10,8,Notebook,Portege A30-C-1CZ
10,849,Asus,1799.0,FHD,Intel,Core i7,512 GB,1 TB,0 GB,0 GB,Pesado,2.6,Windows 10,16,Gaming,Rog GL702VM-GC017T
1038,281,Dell,1099.0,FHD,Intel,Core i7,128 GB,1 TB,0 GB,0 GB,Pesado,1.8,Linux,8,Notebook,Inspiron 5770
699,510,Lenovo,299.0,WXGA,Intel,Celeron Dual Core,0 GB,500 GB,0 GB,0 GB,Medio,1.1,Windows 10,4,Notebook,IdeaPad 320-14IAP
458,1019,HP,1099.99,WXGA,Intel,Core i5,256 GB,0 GB,0 GB,0 GB,Ligero,2.4,Windows 10,4,Notebook,EliteBook 840
244,336,MSI,1199.0,FHD,Intel,Core i7,256 GB,1 TB,0 GB,0 GB,Pesado,2.8,Windows 10,8,Gaming,GL72M 7REX
738,1300,HP,209.0,WXGA,Intel,Celeron Dual Core,0 GB,0 GB,32 GB,0 GB,Ligero,1.6,Windows 10,2,Netbook,Stream 11-Y000na
37,1280,Dell,459.0,WXGA,Intel,Core i3,0 GB,1 TB,0 GB,0 GB,Medio,2.4,Windows 10,6,Notebook,Inspiron 3567
732,992,HP,579.0,WXGA,Intel,Core i7,0 GB,1 TB,0 GB,0 GB,Medio,2.7,Windows 10,6,Notebook,15-bs053od
1173,144,Lenovo,1116.02,FHD,Intel,Core i5,256 GB,0 GB,0 GB,0 GB,Medio,1.6,Windows 10,8,Notebook,ThinkPad E480
113,727,HP,1200.0,FHD,Intel,Core i7,256 GB,0 GB,0 GB,0 GB,Pesado,2.7,Windows 10,8,Notebook,ProBook 470
1146,433,Dell,1142.4,FHD,Intel,Core i7,256 GB,2 TB,0 GB,0 GB,Medio,1.8,Windows 10,8,Notebook,Inspiron 5570
1100,1110,Acer,799.0,FHD,Intel,Core i5,256 GB,1 TB,0 GB,0 GB,Medio,2.5,Windows 10,8,Notebook,Aspire F5-573G
407,470,Lenovo,799.0,FHD,Intel,Core i7,512 GB,0 GB,0 GB,0 GB,Medio,2.7,No OS,8,Notebook,IdeaPad 510s-14IKB
1256,1065,HP,979.0,FHD,Intel,Core i7,0 GB,1 TB,0 GB,0 GB,Medio,2.7,Windows 10,8,Notebook,Noteb Pav
269,1255,Dell,737.0,WXGA,Intel,Core i5,0 GB,500 GB,0 GB,0 GB,Medio,2.3,Windows 7,4,Notebook,Vostro 3559
404,1281,Acer,289.0,WXGA,Intel,Celeron Dual Core,0 GB,500 GB,0 GB,0 GB,Medio,1.6,Linux,4,Notebook,Aspire ES1-531
897,492,Lenovo,1049.0,FHD,Intel,Core i5,256 GB,0 GB,0 GB,0 GB,Medio,1.6,Windows 10,8,Notebook,ThinkPad E480
436,459,HP,1534.0,FHD,Intel,Core i7,512 GB,0 GB,0 GB,0 GB,Medio,2.9,Windows 10,8,Workstation,ProBook 650
717,292,Asus,977.0,FHD,Intel,Core i5,256 GB,0 GB,0 GB,0 GB,Medio,2.5,Windows 10,8,Ultrabook,VivoBook S15
595,1268,Dell,324.0,WXGA,Intel,Pentium Quad Core,0 GB,500 GB,0 GB,0 GB,Medio,1.6,Linux,4,Notebook,Inspiron 3552
276,1259,Asus,1280.0,FHD,Intel,Core i7,256 GB,0 GB,0 GB,0 GB,Ligero,2.5,Windows 10,8,Ultrabook,ZenBook UX310UA-WB71
812,444,Google,2199.0,Touch,Intel,Core i7,512 GB,0 GB,0 GB,0 GB,Ligero,1.3,Chrome OS,16,Ultrabook,Pixelbook
497,346,Dell,274.9,WXGA,Intel,Celeron Dual Core,0 GB,500 GB,0 GB,0 GB,Medio,1.6,Linux,4,Notebook,Inspiron 3552
85,531,Dell,889.0,FHD,Intel,Core i5,128 GB,1 TB,0 GB,0 GB,Pesado,1.6,Linux,8,Notebook,Inspiron 5770
557,81,HP,977.0,FHD,Intel,Core i5,128 GB,1 TB,0 GB,0 GB,Medio,1.6,Windows 10,8,Notebook,ProBook 470
757,497,Lenovo,1011.99,FHD,Intel,Core i5,256 GB,0 GB,0 GB,0 GB,Medio,2.5,Windows 10,8,Notebook,Thinkpad E570
564,1223,Dell,889.0,FHD,Intel,Core i5,256 GB,0 GB,0 GB,0 GB,Medio,2.5,Windows 10,8,Notebook,Inspiron 5567
895,1149,Acer,616.0,FHD,Intel,Core i5,0 GB,1 TB,0 GB,0 GB,Medio,2.5,Windows 10,4,Notebook,Aspire E5-576G
365,1039,HP,1559.0,WXGA,Intel,Core i5,256 GB,0 GB,0 GB,0 GB,Ligero,2.5,Windows 10,4,Ultrabook,Elitebook 820
769,1102,Lenovo,1199.0,FHD,Intel,Core i5,180 GB,0 GB,0 GB,0 GB,Medio,2.3,Windows 7,8,Notebook,ThinkPad T460
324,97,Acer,847.0,FHD,Intel,Core i5,256 GB,0 GB,0 GB,0 GB,Medio,1.6,Windows 10,8,Convertible,Spin 5
844,821,Samsung,1499.0,FHD,Intel,Core i5,256 GB,0 GB,0 GB,0 GB,Ligero,2.5,Windows 10,8,Ultrabook,Notebook 9
924,664,Dell,919.0,FHD,Intel,Core i7,256 GB,0 GB,0 GB,0 GB,Medio,1.8,Windows 10,8,Notebook,Inspiron 5570
221,151,MSI,2029.0,FHD,Intel,Core i7,256 GB,1 TB,0 GB,0 GB,Pesado,2.8,Windows 10,16,Gaming,GE72MVR 7RG
348,211,Dell,1949.0,4K,Intel,Core i7,256 GB,0 GB,0 GB,0 GB,Ligero,1.8,Windows 10,8,Ultrabook,XPS 13
229,1045,Acer,409.0,WXGA,AMD,A9-Series,0 GB,1 TB,0 GB,0 GB,Medio,3.0,Windows 10,6,Notebook,Aspire 3
168,713,Dell,795.0,FHD,Intel,Core i5,256 GB,0 GB,0 GB,0 GB,Medio,2.5,Windows 10,8,Notebook,Vostro 5568
74,4,Apple,2537.45,Touch,Intel,Core i7,512 GB,0 GB,0 GB,0 GB,Medio,2.7,macOS,16,Ultrabook,MacBook Pro
405,1119,Lenovo,1199.0,FHD,Intel,Core i7,512 GB,0 GB,0 GB,0 GB,Medio,2.8,Windows 10,16,Gaming,Legion Y520-15IKBN
760,299,Lenovo,739.0,FHD,Intel,Core i5,256 GB,0 GB,0 GB,0 GB,Medio,1.6,Windows 10,8,Notebook,V330-15IKB
941,183,HP,1499.0,4K,Intel,Core i5,256 GB,0 GB,0 GB,0 GB,Ligero,1.6,Windows 10,8,Convertible,Spectre x360
868,693,Dell,2813.75,FHD,Intel,Core i7,256 GB,1 TB,0 GB,0 GB,Pesado,2.9,Windows 10,16,Gaming,Alienware 15
65,818,Lenovo,609.0,FHD,Intel,Core i5,0 GB,1 TB,0 GB,0 GB,Medio,2.5,Windows 10,4,Notebook,IdeaPad 310-15IKB
314,1277,MSI,1229.0,FHD,Intel,Core i7,128 GB,1 TB,0 GB,0 GB,Medio,2.6,Windows 10,8,Gaming,GE62 Apache
1034,699,Lenovo,699.0,FHD,Intel,Core i5,256 GB,0 GB,0 GB,0 GB,Medio,2.5,Windows 10,4,Notebook,IdeaPad 520s-14IKB
1114,171,Dell,1060.49,FHD,Intel,Core i7,128 GB,1 TB,0 GB,0 GB,Pesado,2.8,Windows 10,8,Gaming,Inspiron 5577
1175,556,Lenovo,1729.0,FHD,Intel,Core i7,512 GB,0 GB,0 GB,0 GB,Medio,2.7,Windows 10,8,Notebook,ThinkPad T570
321,205,Lenovo,493.0,WXGA,Intel,Core i5,128 GB,0 GB,0 GB,0 GB,Medio,2.3,Windows 10,4,Notebook,V110-15ISK
467,1058,HP,1000.0,FHD,Intel,Core i5,0 GB,500 GB,0 GB,0 GB,Medio,2.3,Windows 10,4,Notebook,EliteBook 840
1022,316,Dell,2499.0,4K,Intel,Core i7,1 TB,0 GB,0 GB,0 GB,Ligero,1.8,Windows 10,16,Ultrabook,XPS 13
629,288,Lenovo,579.0,FHD,Intel,Core i5,256 GB,0 GB,0 GB,0 GB,Medio,2.5,Windows 10,6,Notebook,Ideapad 320-15IKBN
433,769,Lenovo,1048.0,FHD,Intel,Core i7,128 GB,1 TB,0 GB,0 GB,Medio,2.8,Windows 10,8,Gaming,Legion Y520-15IKBN
1169,1317,Lenovo,1499.0,Touch,Intel,Core i7,512 GB,0 GB,0 GB,0 GB,Ligero,2.5,Windows 10,16,Convertible,Yoga 900-13ISK
741,1244,Dell,1477.0,Touch,Intel,Core i7,256 GB,0 GB,0 GB,0 GB,Ligero,2.7,Windows 10,8,Ultrabook,XPS 13
131,92,Asus,699.0,FHD,AMD,FX 9830,0 GB,1 TB,0 GB,0 GB,Medio,3.0,Windows 10,8,Gaming,FX550IK-DM018T
1035,150,Asus,344.0,FHD,Intel,Celeron Dual Core,0 GB,1 TB,0 GB,0 GB,Medio,1.1,Windows 10,4,Notebook,X541NA
1130,980,Dell,825.0,WXGA,Intel,Core i5,0 GB,500 GB,0 GB,0 GB,Medio,2.5,Windows 10,4,Notebook,Latitude 5580
787,1107,Asus,1599.0,FHD,Intel,Core i7,256 GB,1 TB,0 GB,0 GB,Pesado,2.8,Windows 10,8,Gaming,Rog GL702VM-GC354T
1092,551,Asus,349.0,WXGA,AMD,E-Series,0 GB,500 GB,0 GB,0 GB,Medio,1.8,Windows 10,4,Notebook,VivoBook X540YA-XX519T
1058,976,Acer,1009.0,FHD,Intel,Core i5,128 GB,1 TB,0 GB,0 GB,Medio,2.5,Windows 10,12,Notebook,Aspire F5-573G-510L
1132,1305,HP,764.0,WXGA,Intel,Core i7,0 GB,1 TB,0 GB,0 GB,Medio,2.5,Windows 10,6,Notebook,15-AC110nv
335,1265,Asus,2325.0,FHD,Intel,Core i7,256 GB,1 TB,0 GB,0 GB,Medio,2.6,Windows 10,16,Gaming,Rog GL502VS
847,326,Lenovo,589.0,Touch,Intel,Core i5,0 GB,1 TB,0 GB,0 GB,Pesado,2.5,Windows 10,4,Notebook,IdeaPad 320-17IKB
999,391,Lenovo,2282.0,QHD,Intel,Core i7,512 GB,0 GB,0 GB,0 GB,Ligero,2.7,Windows 10,8,Ultrabook,Thinkpad X1
1275,774,Acer,655.0,WXGA,Intel,Core i5,128 GB,0 GB,0 GB,0 GB,Medio,2.3,Windows 10,4,Notebook,TravelMate P238-M
1079,464,Microsoft,989.0,Touch,Intel,Core M m3,128 GB,0 GB,0 GB,0 GB,Ligero,2.2,Windows 10 S,4,Ultrabook,Surface Laptop
3,891,HP,1700.0,FHD,Intel,Core i5,256 GB,0 GB,0 GB,0 GB,Ligero,2.5,Windows 10,4,Convertible,EliteBook x360
107,944,Lenovo,309.0,WXGA,Intel,Pentium Quad Core,0 GB,1 TB,0 GB,0 GB,Medio,1.1,Windows 10,4,Notebook,IdeaPad 320-15IAP
119,602,Lenovo,459.0,WXGA,Intel,Core i3,0 GB,1 TB,0 GB,0 GB,Medio,2.3,Windows 10,8,Notebook,IdeaPad 110-15ISK
393,1180,HP,899.0,FHD,Intel,Core i7,0 GB,1 TB,0 GB,0 GB,Pesado,2.8,Windows 10,8,Gaming,Pavilion 15-cb003nv
1120,1311,Lenovo,899.0,FHD,Intel,Core i7,0 GB,1 TB,0 GB,0 GB,Pesado,2.6,Windows 10,8,Notebook,IdeaPad Y700-15ISK
58,185,Dell,1399.0,FHD,Intel,Core i5,256 GB,0 GB,0 GB,0 GB,Ligero,1.6,Windows 10,8,Ultrabook,XPS 13
594,275,Apple,1958.9,Touch,Intel,Core i5,512 GB,0 GB,0 GB,0 GB,Ligero,2.9,macOS,8,Ultrabook,MacBook Pro
864,519,Dell,836.0,FHD,Intel,Core i5,0 GB,1 TB,0 GB,0 GB,Medio,2.5,Windows 10,8,Notebook,Vostro 5568
11,645,Lenovo,249.0,WXGA,Intel,Celeron Dual Core,0 GB,0 GB,32 GB,0 GB,Ligero,1.6,Windows 10,2,Notebook,IdeaPad 100S-14IBR
274,1017,HP,779.0,WXGA,Intel,Core i5,0 GB,500 GB,0 GB,0 GB,Medio,2.5,Windows 10,4,Notebook,Probook 440
442,1080,Dell,1458.0,FHD,Intel,Core i7,256 GB,0 GB,0 GB,0 GB,Ligero,2.7,Windows 10,8,Ultrabook,XPS 13
686,1218,Dell,499.0,WXGA,Intel,Core i3,128 GB,0 GB,0 GB,0 GB,Medio,2.0,Windows 10,4,Notebook,Inspiron 5567
1243,811,Dell,1499.0,FHD,Intel,Core i5,256 GB,0 GB,0 GB,0 GB,Ligero,2.5,Windows 10,8,Ultrabook,XPS 13
406,488,Dell,586.6,WXGA,Intel,Core i3,0 GB,1 TB,0 GB,0 GB,Medio,2.4,Windows 10,4,Notebook,Vostro 3568
30,128,HP,259.0,WXGA,Intel,Celeron Dual Core,0 GB,500 GB,0 GB,0 GB,Medio,1.6,No OS,4,Notebook,250 G6
1039,738,Acer,1935.0,FHD,Intel,Core i7,128 GB,1 TB,0 GB,0 GB,Pesado,2.6,Windows 10,16,Gaming,Predator 17
1144,658,Asus,2799.0,FHD,Intel,Core i7,512 GB,0 GB,0 GB,0 GB,Pesado,2.7,Windows 10,32,Gaming,ROG G701VI
429,888,Xiaomi,935.0,FHD,Intel,Core i5,256 GB,0 GB,0 GB,0 GB,Ligero,2.3,Windows 10,8,Ultrabook,Mi Notebook
320,181,MSI,2799.0,FHD,Intel,Core i7,512 GB,1 TB,0 GB,0 GB,Pesado,2.9,Windows 10,32,Gaming,GT80S 6QF-074US
664,295,Acer,199.0,WXGA,Intel,Celeron Dual Core,16 GB,0 GB,0 GB,0 GB,Medio,1.5,Chrome OS,2,Notebook,Chromebook C910-C2ST
1008,85,Lenovo,399.0,FHD,AMD,A6-Series,128 GB,0 GB,0 GB,0 GB,Medio,2.5,Windows 10,4,Notebook,IdeaPad 320-15AST
698,1182,HP,476.99,WXGA,Intel,Core i5,0 GB,500 GB,0 GB,0 GB,Medio,2.3,No OS,4,Notebook,250 G4
340,248,Dell,879.0,FHD,Intel,Core i5,256 GB,0 GB,0 GB,0 GB,Pesado,2.5,Windows 10,8,Gaming,Inspiron 5577
1244,253,HP,675.0,FHD,Intel,Core i5,0 GB,500 GB,0 GB,0 GB,Ligero,1.6,Windows 10,4,Notebook,ProBook 430
916,791,Toshiba,1764.0,FHD,Intel,Core i7,512 GB,0 GB,0 GB,0 GB,Ligero,2.6,Windows 10,16,Ultrabook,Tecra Z40-C-161
387,311,HP,1975.0,FHD,Intel,Core i7,256 GB,0 GB,0 GB,0 GB,Ligero,2.8,Windows 10,16,Convertible,EliteBook x360
101,1308,Dell,459.0,WXGA,Intel,Core i3,0 GB,1 TB,0 GB,0 GB,Medio,2.4,Windows 10,6,Notebook,Inspiron 3567
177,718,Lenovo,1249.0,FHD,Intel,Core i7,128 GB,1 TB,0 GB,0 GB,Medio,2.8,Windows 10,8,Gaming,Legion Y520-15IKBN
680,230,Acer,832.0,FHD,Intel,Core i7,256 GB,0 GB,0 GB,0 GB,Medio,2.7,Windows 10,8,Notebook,Aspire E5-576G
414,572,Dell,1599.0,4K,Intel,Core i5,128 GB,0 GB,0 GB,0 GB,Ligero,1.6,Windows 10,8,Ultrabook,XPS 13
1019,1014,Acer,1260.0,FHD,Intel,Core i7,128 GB,1 TB,0 GB,0 GB,Pesado,2.8,Windows 10,8,Gaming,Nitro 5
390,308,Lenovo,549.0,WXGA,Intel,Core i5,0 GB,2 TB,0 GB,0 GB,Medio,2.5,No OS,8,Notebook,IdeaPad 320-15IKBN
959,59,MSI,2449.0,FHD,Intel,Core i7,256 GB,2 TB,0 GB,0 GB,Medio,2.8,Windows 10,16,Gaming,GS73VR 7RG
447,903,Samsung,1699.0,FHD,Intel,Core i7,256 GB,0 GB,0 GB,0 GB,Ligero,2.7,Windows 10,8,Ultrabook,Notebook 9
1090,491,Lenovo,565.0,WXGA,Intel,Core i3,128 GB,0 GB,0 GB,0 GB,Medio,2.0,Windows 10,4,Notebook,ThinkPad E570
216,679,Lenovo,817.95,FHD,Intel,Core i5,128 GB,1 TB,0 GB,0 GB,Medio,2.5,Windows 10,8,Notebook,V310-15ISK
852,634,Lenovo,468.0,FHD,Intel,Core i5,128 GB,0 GB,0 GB,0 GB,Medio,2.5,No OS,4,Notebook,IdeaPad 320-15IKBN
1141,1171,Dell,1199.0,FHD,Intel,Core i7,0 GB,1 TB,0 GB,0 GB,Pesado,2.8,Windows 10,8,Gaming,Inspiron 7567
952,355,Dell,663.0,FHD,Intel,Core i5,0 GB,1 TB,0 GB,0 GB,Medio,1.6,Windows 10,8,Ultrabook,Inspiron 5570
1284,553,Lenovo,785.0,FHD,Intel,Core i5,0 GB,500 GB,0 GB,0 GB,Medio,2.5,Windows 10,4,Notebook,ThinkPad E470
450,256,Asus,1799.0,FHD,Intel,Core i7,256 GB,1 TB,0 GB,0 GB,Pesado,2.8,Windows 10,16,Gaming,ROG G752VSK-GC493T
691,1022,HP,1049.26,FHD,Intel,Core i5,256 GB,0 GB,0 GB,0 GB,Medio,2.5,Windows 10,8,Notebook,ProBook 440
830,175,HP,699.0,FHD,Intel,Core i5,0 GB,2 TB,0 GB,0 GB,Pesado,2.5,Windows 10,6,Notebook,17-bs001nv
832,702,Toshiba,973.0,FHD,Intel,Core i5,256 GB,0 GB,0 GB,0 GB,Medio,2.5,Windows 10,8,Notebook,Satellite Pro
683,941,HP,1165.0,FHD,Intel,Core i5,256 GB,0 GB,0 GB,0 GB,Medio,2.3,Windows 10,8,Notebook,Probook 650
1183,1273,Asus,339.0,WXGA,Intel,Celeron Dual Core,0 GB,1 TB,0 GB,0 GB,Medio,1.1,Windows 10,4,Notebook,X541NA-GO020T
103,1047,HP,1195.0,FHD,Intel,Core i5,256 GB,0 GB,0 GB,0 GB,Medio,2.3,Windows 7,8,Notebook,Probook 640
123,192,Acer,989.0,FHD,Intel,Core i5,256 GB,0 GB,0 GB,0 GB,Ligero,1.2,Windows 10,8,Ultrabook,Swift 7
670,1024,Dell,949.0,FHD,Intel,Core i5,0 GB,0 GB,0 GB,0 TB,Pesado,2.5,Windows 10,8,Gaming,Inspiron 7567
56,540,Mediacom,369.0,FHD,Intel,Celeron Quad Core,32 GB,0 GB,0 GB,0 GB,Ligero,1.1,Windows 10,4,Notebook,SmartBook Edge
1119,998,Toshiba,915.0,WXGA,Intel,Core i5,0 GB,500 GB,0 GB,0 GB,Medio,2.3,Windows 10,4,Notebook,Tecra A40-C-1KF
749,499,Asus,1350.0,FHD,Intel,Core i7,128 GB,1 TB,0 GB,0 GB,Medio,2.8,Windows 10,8,Gaming,VivoBook Pro
604,381,HP,488.99,FHD,AMD,A9-Series,256 GB,0 GB,0 GB,0 GB,Medio,3.0,Windows 10,4,Notebook,15-bw003nv
242,734,Dell,719.0,FHD,Intel,Core i5,128 GB,1 TB,0 GB,0 GB,Medio,1.6,Windows 10,8,Notebook,Inspiron 5570
284,1199,Lenovo,831.0,FHD,Intel,Core i7,256 GB,0 GB,0 GB,0 GB,Medio,2.7,Windows 10,6,Ultrabook,IdeaPad 310-15IKB
988,783,HP,1244.0,WXGA,Intel,Core i5,256 GB,0 GB,0 GB,0 GB,Ligero,2.3,Windows 10,4,Ultrabook,EliteBook 820
275,1130,Dell,1379.0,FHD,Intel,Core i7,256 GB,0 GB,0 GB,0 GB,Ligero,2.4,Windows 10,8,Ultrabook,XPS 13
1012,916,Lenovo,1962.99,FHD,Intel,Core i5,512 GB,0 GB,0 GB,0 GB,Medio,2.5,Windows 10,8,Notebook,ThinkPad T570
774,474,Dell,759.0,FHD,Intel,Core i5,0 GB,2 TB,0 GB,0 GB,Medio,1.6,Windows 10,8,Notebook,Inspiron 5570
588,91,Dell,1649.0,FHD,Intel,Core i7,256 GB,0 GB,0 GB,0 GB,Ligero,1.8,Windows 10,8,Ultrabook,XPS 13
1289,526,Asus,1504.0,FHD,Intel,Core i7,256 GB,1 TB,0 GB,0 GB,Pesado,2.8,Windows 10,16,Gaming,FX753VE-GC155T
790,360,Toshiba,1403.0,FHD,Intel,Core i7,512 GB,0 GB,0 GB,0 GB,Medio,2.5,Windows 10,16,Notebook,Tecra A50-C-21G
13,1011,Acer,380.0,WXGA,Intel,Pentium Quad Core,0 GB,500 GB,0 GB,0 GB,Medio,1.1,Windows 10,4,Notebook,Aspire ES1-533
840,427,Lenovo,1899.0,4K,Intel,Core i7,512 GB,0 GB,0 GB,0 GB,Medio,2.8,Windows 10,16,Convertible,Yoga 720-15IKB
995,364,Dell,557.37,WXGA,Intel,Core i5,0 GB,2 TB,0 GB,0 GB,Medio,2.5,Windows 10,8,Notebook,Inspiron 3567
647,490,Chuwi,248.9,FHD,Intel,Atom x5,0 GB,0 GB,64 GB,0 GB,Medio,1.44,Windows 10,4,Notebook,"Lapbook 15,6"
400,45,Dell,999.0,FHD,Intel,Core i5,0 GB,1 TB,0 GB,0 GB,Pesado,1.6,Windows 10,12,Convertible,Inspiron 7773
98,315,Lenovo,999.0,FHD,Intel,Core i5,256 GB,0 GB,0 GB,0 GB,Ligero,2.5,Windows 10,8,Notebook,IdeaPad 720S-13IKB
1292,1251,MSI,1598.0,FHD,Intel,Core i7,256 GB,1 TB,0 GB,0 GB,Pesado,2.8,Windows 10,16,Gaming,GE72VR Apache
202,758,HP,4389.0,FHD,Intel,Xeon E3-1535M,256 GB,0 GB,0 GB,0 GB,Pesado,2.9,Windows 7,16,Workstation,Zbook 17
198,1132,Razer,1029.0,4K,Intel,Core i7,256 GB,0 GB,0 GB,0 GB,Ligero,2.5,Windows 10,8,Ultrabook,Blade Stealth
1025,545,HP,1799.0,FHD,Intel,Core i7,0 GB,1 TB,0 GB,0 GB,Pesado,2.8,Windows 10,12,Gaming,Omen 15-ce006nv
1232,452,Dell,1179.0,FHD,Intel,Core i5,256 GB,0 GB,0 GB,0 GB,Medio,2.8,Windows 10,8,Notebook,Latitude 5480
368,1252,Apple,959.0,WXGA,Intel,Core i5,0 GB,0 GB,256 GB,0 GB,Ligero,1.6,Mac OS X,4,Ultrabook,MacBook Air
1107,947,Lenovo,1799.0,Touch,Intel,Core i7,1 TB,0 GB,0 GB,0 GB,Ligero,2.2,Windows 10,16,Convertible,Yoga 900-13ISK
1153,259,Acer,702.0,FHD,Intel,Core i3,256 GB,0 GB,0 GB,0 GB,Pesado,2.7,Windows 10,4,Notebook,Aspire 5
859,31,Chuwi,244.99,FHD,Intel,Atom x5,0 GB,0 GB,64 GB,0 GB,Medio,1.44,Windows 10,4,Notebook,"LapBook 15.6"""
190,1115,Dell,1135.15,WXGA,Intel,Core i3,0 GB,500 GB,0 GB,0 GB,Medio,2.3,Windows 7,4,Ultrabook,Latitude E5270
773,1224,HP,579.0,WXGA,Intel,Core i5,256 GB,0 GB,0 GB,0 GB,Medio,2.5,Windows 10,8,Notebook,15-bs025nv
876,772,Asus,1129.0,Touch,Intel,Core i5,256 GB,0 GB,0 GB,0 GB,Ligero,2.5,Windows 10,8,Ultrabook,Zenbook UX330UA-AH5Q
118,817,Dell,1679.0,4K,Intel,Core i7,512 GB,0 GB,0 GB,0 GB,Pesado,2.8,Windows 10,16,Gaming,Inspiron 7567
246,269,Dell,565.0,FHD,Intel,Core i5,0 GB,1 TB,0 GB,0 GB,Medio,2.5,Windows 10,8,Notebook,Inspiron 3567
1069,631,HP,932.0,WXGA,Intel,Core i5,0 GB,500 GB,0 GB,0 GB,Medio,2.3,Windows 7,4,Notebook,EliteBook 850
1219,667,Dell,3147.37,4K,Intel,Core i7,512 GB,1 TB,0 GB,0 GB,Pesado,2.8,Windows 10,32,Gaming,Alienware 17
1030,971,HP,775.0,WXGA,Intel,Pentium Quad Core,256 GB,0 GB,0 GB,0 GB,Ligero,1.1,Windows 10,4,Convertible,ProBook x360
589,912,Dell,2013.1,Touch,Intel,Core i7,512 GB,0 GB,0 GB,0 GB,Ligero,1.3,Windows 10,8,Convertible,XPS 13
1106,996,Lenovo,549.0,FHD,AMD,A12-Series,256 GB,0 GB,0 GB,0 GB,Medio,3.6,Windows 10,6,Notebook,IdeaPad 320-15ABR
1283,615,Lenovo,1299.0,FHD,Intel,Core i7,256 GB,0 GB,0 GB,0 GB,Medio,2.8,Windows 10,8,Convertible,Yoga 720-15IKB
1269,825,Razer,1799.0,4K,Intel,Core i7,512 GB,0 GB,0 GB,0 GB,Ligero,2.5,Windows 10,16,Ultrabook,Blade Stealth
1223,186,Lenovo,1849.0,4K,Intel,Core i7,512 GB,0 GB,0 GB,0 GB,Ligero,1.8,Windows 10,16,Convertible,Yoga 920-13IKB
161,33,HP,439.0,FHD,AMD,A6-Series,0 GB,500 GB,0 GB,0 GB,Pesado,2.5,Windows 10,4,Notebook,17-ak001nv
124,1193,Asus,769.0,FHD,Intel,Core i3,256 GB,0 GB,0 GB,0 GB,Medio,2.4,Windows 10,4,Notebook,UX410UA-GV097T
1198,1202,HP,799.0,FHD,Intel,Core i7,0 GB,1 TB,0 GB,0 GB,Medio,2.6,Windows 10,6,Notebook,Pavilion 15-BC000nv
204,54,HP,1103.0,FHD,Intel,Core i7,512 GB,0 GB,0 GB,0 GB,Ligero,1.8,Windows 10,8,Notebook,ProBook 430
18,114,Dell,1379.0,Touch,Intel,Core i7,256 GB,0 GB,0 GB,0 GB,Ligero,2.4,Windows 10,8,Ultrabook,XPS 13
84,93,Acer,689.0,FHD,Intel,Core i7,0 GB,1 TB,0 GB,0 GB,Medio,1.8,Windows 10,8,Notebook,Aspire 5
874,394,Dell,2135.0,FHD,Intel,Core i7,256 GB,0 GB,0 GB,0 GB,Medio,2.7,Windows 10,8,Workstation,Precision 5520
222,260,Dell,949.0,FHD,Intel,Core i5,256 GB,0 GB,0 GB,0 GB,Ligero,1.6,Windows 10,8,Ultrabook,Vostro 5370
1158,564,Lenovo,949.0,Touch,Intel,Core i7,128 GB,1 TB,0 GB,0 GB,Pesado,2.7,Windows 10,6,Notebook,IdeaPad 320-17IKB
1145,1118,HP,2899.0,FHD,Intel,Core i7,0 GB,1 TB,0 GB,0 GB,Pesado,2.6,Windows 7,8,Workstation,ZBook 17
1272,210,Dell,439.0,WXGA,Intel,Core i3,0 GB,1 TB,0 GB,0 GB,Medio,2.4,Windows 10,6,Notebook,Inspiron 3567
1207,384,Asus,286.0,WXGA,Intel,Celeron Dual Core,0 GB,0 GB,32 GB,0 GB,Medio,1.1,Windows 10,4,Notebook,VivoBook E403NA
430,726,Mediacom,265.0,Touch,Intel,Atom Z8350,0 GB,32 GB,0 GB,0 GB,Ligero,1.92,Windows 10,4,Notebook,Smartbook 142
1291,1228,Apple,1279.0,Touch,Intel,Core M 1,0 GB,0 GB,512 GB,0 GB,Ligero,1.2,Mac OS X,8,Ultrabook,"MacBook 12"""
491,594,Lenovo,1673.0,FHD,Intel,Core i7,256 GB,0 GB,0 GB,0 GB,Ligero,2.6,Windows 10,12,Ultrabook,Thinkpad T460s
623,816,HP,629.0,WXGA,AMD,A12-Series,0 GB,2 TB,0 GB,0 GB,Medio,2.5,Windows 10,8,Notebook,15-ba043na
147,448,Dell,749.0,FHD,Intel,Core i5,256 GB,0 GB,0 GB,0 GB,Medio,1.6,Windows 10,4,Notebook,Inspiron 5570
33,884,Lenovo,735.0,FHD,Intel,Core i3,180 GB,0 GB,0 GB,0 GB,Ligero,2.4,Windows 10,4,Notebook,Thinkpad 13
943,995,Toshiba,1195.0,FHD,Intel,Core i5,128 GB,0 GB,0 GB,0 GB,Ligero,2.3,Windows 7,4,Notebook,Portege Z30-C-1CV
1253,801,Lenovo,1970.0,FHD,Intel,Core i7,512 GB,0 GB,0 GB,0 GB,Ligero,2.7,Windows 10,8,Convertible,ThinkPad Yoga
1097,952,Dell,1639.0,FHD,Intel,Core i5,256 GB,0 GB,0 GB,0 GB,Ligero,2.5,Windows 10,8,Ultrabook,Latitude 7480
866,224,Dell,1279.0,FHD,Intel,Core i7,512 GB,0 GB,0 GB,0 GB,Medio,1.8,Windows 10,16,Convertible,Inspiron 5379
558,1189,HP,1159.0,FHD,Intel,Core i7,512 GB,0 GB,0 GB,0 GB,Medio,1.8,Windows 10,16,Notebook,ProBook 450
1085,51,Lenovo,319.0,Touch,Intel,Atom x5,0 GB,0 GB,64 GB,0 GB,Ligero,1.44,Android,4,Convertible,Yoga Book
1041,1186,HP,249.0,WXGA,Intel,Celeron Dual Core,0 GB,0 GB,32 GB,0 GB,Ligero,1.6,Windows 10,2,Notebook,Stream 14-AX000nv
1277,571,Asus,839.0,FHD,Intel,Core i5,128 GB,1 TB,0 GB,0 GB,Medio,2.5,Windows 10,8,Notebook,FX553VD-DM627T
1082,584,Lenovo,2663.0,FHD,Intel,Core i7,256 GB,1 TB,0 GB,0 GB,Pesado,2.7,Windows 10,32,Gaming,IdeaPad Y910-17ISK
73,839,Razer,5499.0,4K,Intel,Core i7,512 GB,0 GB,0 GB,0 GB,Pesado,2.9,Windows 10,32,Gaming,Blade Pro
199,1075,Asus,998.0,FHD,Intel,Core i7,0 GB,1 TB,0 GB,0 GB,Pesado,2.6,No OS,16,Gaming,Rog G752VL-GC088D
1159,1112,MSI,1599.0,FHD,Intel,Core i7,256 GB,0 GB,0 GB,0 GB,Pesado,2.6,Windows 10,8,Gaming,GS70 Stealth
1208,946,HP,288.9,WXGA,Intel,Celeron Dual Core,0 GB,1 TB,0 GB,0 GB,Medio,1.6,No OS,4,Notebook,250 G6
579,518,Acer,639.0,FHD,Intel,Core i7,0 GB,500 GB,0 GB,0 GB,Medio,2.7,Windows 10,4,Notebook,Aspire A515-51G
302,515,HP,1323.0,FHD,Intel,Core i7,512 GB,0 GB,0 GB,0 GB,Ligero,2.7,Windows 10,8,Ultrabook,Envy 13-AB002nv
818,1043,HP,1080.0,FHD,Intel,Core i5,256 GB,0 GB,0 GB,0 GB,Pesado,2.5,Windows 10,8,Notebook,Probook 470
1006,1309,Acer,289.0,WXGA,Intel,Celeron Dual Core,0 GB,500 GB,0 GB,0 GB,Medio,1.6,Linux,4,Notebook,Aspire ES1-531
448,782,Dell,1099.0,FHD,Intel,Core i7,0 GB,1 TB,0 GB,0 GB,Pesado,2.8,Windows 10,8,Gaming,Inspiron 7567
919,111,MSI,1299.0,FHD,Intel,Core i7,256 GB,1 TB,0 GB,0 GB,Medio,2.8,Windows 10,16,Gaming,GP62M 7REX
35,49,Dell,639.0,FHD,Intel,Core i5,256 GB,0 GB,0 GB,0 GB,Medio,2.5,Windows 10,4,Notebook,Inspiron 3567
1045,1099,Dell,750.0,FHD,Intel,Core i5,256 GB,0 GB,0 GB,0 GB,Medio,2.5,Windows 10,8,Notebook,Vostro 3568
596,897,Dell,455.7,WXGA,Intel,Core i3,0 GB,1 TB,0 GB,0 GB,Medio,2.0,Linux,4,Notebook,Vostro 3568
1218,1198,Lenovo,1637.0,QHD,Intel,Core i5,256 GB,0 GB,0 GB,0 GB,Ligero,2.3,Windows 10,8,Convertible,ThinkPad X1
214,573,Dell,959.0,WXGA,Intel,Core i5,0 GB,500 GB,0 GB,0 GB,Medio,2.6,Windows 10,4,Notebook,Latitude 5580
469,203,HP,1045.0,FHD,Intel,Core i7,256 GB,0 GB,0 GB,0 GB,Medio,1.8,Windows 10,8,Notebook,Probook 470
933,889,Dell,912.5,FHD,Intel,Core i5,128 GB,1 TB,0 GB,0 GB,Medio,2.5,Windows 10,4,Notebook,Vostro 5568
1249,582,Mediacom,249.0,FHD,Intel,Atom x5,32 GB,0 GB,0 GB,0 GB,Ligero,1.44,Windows 10,4,Notebook,SmartBook 141
803,17,Dell,745.0,FHD,Intel,Core i7,256 GB,0 GB,0 GB,0 GB,Medio,2.7,Windows 10,8,Notebook,Inspiron 3567
372,1295,Acer,289.0,WXGA,Intel,Celeron Dual Core,0 GB,500 GB,0 GB,0 GB,Medio,1.6,Linux,4,Notebook,Aspire ES1-531
1287,539,Asus,1299.0,4K,Intel,Core i7,256 GB,1 TB,0 GB,0 GB,Medio,2.7,Windows 10,8,Notebook,Zenbook UX510UW-FI095T
506,227,Toshiba,1363.0,FHD,Intel,Core i7,256 GB,0 GB,0 GB,0 GB,Ligero,2.5,Windows 10,8,Ultrabook,Portege Z30-C-16L
775,898,Asus,1369.9,FHD,Intel,Core i5,128 GB,1 TB,0 GB,0 GB,Medio,2.5,Windows 10,12,Gaming,Rog GL753VD-GC082T
281,1026,HP,1590.0,FHD,Intel,Core i5,256 GB,0 GB,0 GB,0 GB,Ligero,2.5,Windows 10,4,Notebook,Elitebook 840
234,639,Dell,1479.0,FHD,Intel,Core i7,256 GB,1 TB,0 GB,0 GB,Pesado,2.8,Windows 10,16,Gaming,Inspiron 7567
782,1272,Dell,443.99,WXGA,Intel,Pentium Quad Core,0 GB,500 GB,0 GB,0 GB,Medio,1.6,Windows 10,4,Notebook,Inspiron 3552
307,879,Acer,902.0,FHD,Intel,Core i5,256 GB,0 GB,0 GB,0 GB,Medio,2.5,Windows 10,8,Notebook,TMX349-G2-M-50FS
106,676,Toshiba,1258.0,FHD,Intel,Core i5,256 GB,0 GB,0 GB,0 GB,Medio,2.5,Windows 10,8,Notebook,Tecra Z50-D-10E
504,755,HP,539.0,FHD,Intel,Core i3,256 GB,0 GB,0 GB,0 GB,Medio,2.0,Windows 10,8,Notebook,250 G6
1172,1040,HP,1189.0,WXGA,Intel,Core i5,0 GB,500 GB,0 GB,0 GB,Medio,2.5,Windows 10,4,Notebook,ProBook 650
1276,344,Asus,274.99,WXGA,Intel,Celeron Dual Core,0 GB,1 TB,0 GB,0 GB,Medio,1.1,Linux,4,Notebook,X541NA
228,1287,Asus,720.32,WXGA,Intel,Core i7,0 GB,500 GB,0 GB,0 GB,Medio,2.5,Windows 10,4,Notebook,X556UJ-XO044T
424,890,HP,839.0,FHD,Intel,Core i5,256 GB,0 GB,0 GB,0 GB,Medio,2.5,Windows 10,4,Notebook,ProBook 450
740,1067,HP,979.0,WXGA,Intel,Core i5,256 GB,0 GB,0 GB,0 GB,Medio,2.5,Windows 10,4,Notebook,ProBook 450
415,552,HP,705.5,FHD,Intel,Core i3,128 GB,0 GB,0 GB,0 GB,Medio,2.4,Windows 10,4,Notebook,ProBook 450
116,955,Asus,530.0,Touch,Intel,Pentium Quad Core,0 GB,1 TB,0 GB,0 GB,Pesado,1.6,Windows 10,4,Notebook,X751SV-TY001T
1009,869,Dell,649.0,FHD,Intel,Core i5,0 GB,1 TB,0 GB,0 GB,Medio,2.3,Windows 10,8,Notebook,Inspiron 5368
79,776,Dell,1099.0,4K,Intel,Core i7,128 GB,1 TB,0 GB,0 GB,Pesado,2.6,Windows 10,16,Gaming,Inspiron 7559
1234,1173,HP,478.89,FHD,AMD,A6-Series,256 GB,0 GB,0 GB,0 GB,Medio,2.5,Windows 10,4,Notebook,15-bw002nv
272,833,Lenovo,1875.0,FHD,Intel,Core i5,0 GB,0 GB,256 GB,0 GB,Ligero,2.5,Windows 10,8,Ultrabook,ThinkPad X1
247,1124,Asus,1339.0,FHD,Intel,Core i7,128 GB,1 TB,0 GB,0 GB,Pesado,2.6,Windows 10,16,Gaming,Rog GL552VW-CN470T
1178,537,Dell,3012.77,FHD,Intel,Core i7,128 GB,1 TB,0 GB,0 GB,Pesado,2.8,Windows 10,16,Gaming,Alienware 17
409,1212,Dell,1199.0,FHD,Intel,Core i5,256 GB,0 GB,0 GB,0 GB,Medio,2.5,Windows 10,8,Convertible,Inspiron 7378
46,1096,Lenovo,3240.0,FHD,Intel,Core i7,512 GB,0 GB,0 GB,0 TB,Pesado,2.7,Windows 10,32,Gaming,IdeaPad Y900-17ISK
52,710,Lenovo,429.0,WXGA,AMD,A12-Series,0 GB,1 TB,0 GB,0 GB,Medio,3.6,Windows 10,8,Notebook,IdeaPad 320-15ABR
855,512,Lenovo,949.0,FHD,Intel,Core i5,256 GB,0 GB,0 GB,0 GB,Ligero,2.5,Windows 10,8,Notebook,ThinkPad 13
1273,1278,Lenovo,833.01,FHD,Intel,Core i5,128 GB,0 GB,0 GB,0 GB,Medio,2.3,Windows 10,4,Convertible,Yoga 500-14IBD
1095,257,Asus,469.0,WXGA,AMD,A9-Series,0 GB,1 TB,0 GB,0 GB,Medio,3.0,Windows 10,4,Notebook,X505BP-BR019T
254,1264,Dell,875.0,WXGA,Intel,Core i5,0 GB,500 GB,0 GB,0 GB,Medio,2.5,Windows 10,4,Notebook,Latitude 5480
431,387,Lenovo,403.5,FHD,Intel,Core i3,128 GB,0 GB,0 GB,0 GB,Medio,2.0,No OS,4,Notebook,V310-15ISK
19,654,Acer,919.0,FHD,Intel,Core i5,256 GB,0 GB,0 GB,0 GB,Medio,2.5,Windows 10,8,Ultrabook,Swift 3
213,704,Lenovo,1749.0,FHD,Intel,Core i7,512 GB,0 GB,0 GB,0 GB,Ligero,2.7,Windows 10,16,Convertible,Yoga 910-13IKB
339,460,Lenovo,1345.0,FHD,Intel,Core i5,256 GB,0 GB,0 GB,0 GB,Medio,2.5,Windows 10,8,Notebook,ThinkPad T470
223,578,HP,389.0,WXGA,Intel,Pentium Quad Core,0 GB,2 TB,0 GB,0 GB,Medio,1.6,Windows 10,8,Notebook,14-am079na
456,1084,Apple,1300.0,Touch,Intel,Core M 1,0 GB,0 GB,256 GB,0 GB,Ligero,1.1,Mac OS X,8,Ultrabook,"MacBook 12"""
986,280,Dell,713.07,WXGA,Intel,Core i7,0 GB,1 TB,0 GB,0 GB,Medio,2.7,Windows 10,12,Notebook,Inspiron 5567
253,1191,Lenovo,398.0,WXGA,Intel,Core i5,0 GB,500 GB,0 GB,0 GB,Medio,2.3,No OS,4,Notebook,V110-15ISK
4,1284,HP,549.99,FHD,AMD,A9-Series,0 GB,0 GB,0 GB,0 TB,Medio,2.9,Windows 10,6,Notebook,Pavilion 15-AW003nv
1134,709,Lenovo,399.0,FHD,AMD,A9-Series,256 GB,0 GB,0 GB,0 GB,Medio,2.9,Windows 10,4,Notebook,IdeaPad 320-15AST
1137,595,Lenovo,609.0,WXGA,Intel,Core i7,0 GB,1 TB,0 GB,0 GB,Medio,1.8,Windows 10,12,Notebook,Ideapad 320-15IKBR
137,196,Xiaomi,999.9,FHD,Intel,Core i5,256 GB,0 GB,0 GB,0 GB,Ligero,2.5,No OS,8,Ultrabook,Mi Notebook
1187,1094,HP,940.0,FHD,Intel,Core i5,0 GB,500 GB,0 GB,0 GB,Medio,2.3,Windows 7,4,Notebook,Probook 650
12,482,Dell,740.0,WXGA,Intel,Core i3,128 GB,0 GB,0 GB,0 GB,Medio,2.3,Windows 10,8,Notebook,Latitude E5470
478,176,Lenovo,309.0,WXGA,AMD,A6-Series,0 GB,500 GB,0 GB,0 GB,Medio,2.9,No OS,4,Notebook,IdeaPad 320-15AST
207,1225,Lenovo,299.0,WXGA,AMD,E-Series,0 GB,500 GB,0 GB,0 GB,Medio,2.2,Windows 10,4,Notebook,IdeaPad 320-15AST
793,576,Lenovo,990.0,WXGA,Intel,Core i5,0 GB,500 GB,0 GB,0 GB,Medio,2.5,Windows 10,4,Notebook,ThinkPad L470
1133,204,Dell,1845.0,4K,Intel,Core i7,512 GB,1 TB,0 GB,0 GB,Pesado,2.8,Windows 10,16,Gaming,Inspiron 7577
266,188,Xiaomi,1199.0,FHD,Intel,Core i5,256 GB,0 GB,0 GB,0 GB,Medio,1.6,No OS,8,Notebook,Mi Notebook
1052,752,Lenovo,3299.0,4K,Intel,Core i7,1 TB,0 GB,0 GB,0 GB,Medio,2.8,Windows 10,16,Workstation,Thinkpad P51s
241,1291,HP,764.0,WXGA,Intel,Core i7,0 GB,1 TB,0 GB,0 GB,Medio,2.5,Windows 10,6,Notebook,15-AC110nv
89,973,Acer,389.0,WXGA,Intel,Celeron Dual Core,0 GB,0 GB,32 GB,0 GB,Ligero,1.6,Chrome OS,4,Convertible,Chromebook C738T-C2EJ
716,1018,Toshiba,1195.0,FHD,Intel,Core i5,128 GB,0 GB,0 GB,0 GB,Ligero,2.3,Windows 10,4,Notebook,Portege Z30-C-16H
517,1071,Acer,449.0,WXGA,AMD,A8-Series,0 GB,1 TB,0 GB,0 GB,Medio,2.2,Windows 10,8,Notebook,Aspire ES1-523
891,965,Dell,1775.0,FHD,Intel,Core i7,256 GB,0 GB,0 GB,0 GB,Ligero,2.8,Windows 10,8,Ultrabook,Latitude 7480
1179,1313,Dell,805.99,WXGA,Intel,Core i7,0 GB,1 TB,0 GB,0 GB,Medio,2.7,Linux,8,Notebook,Inspiron 3567
